男性が子供を抱き上げて立っています。	坊主頭の男性が子供を抱いて立っています。
女の学生が、テニスの練習をしている。	女の学生が、テニスの練習をしている。
林の中を1台の自転車が走行しています。	林の中で1台の自転車が走行しています。
道路を荷物を持った人たちが路上を歩いています。	路上を荷物を持った人たちが歩いています。
路上を荷物を持った人たちが歩いています。	荷物を持った人たちが路上を歩いています。
キリンが木々のあいだから顔を出しています。	キリンが、木の中から首を出しています。
真っ赤な二階建てのバスが、停まっています。	赤い二階建てバスが止まっています
りんごとバナナがボウルに、入っています。	入れ物にバナナとりんごが入っている。
ハングルが描かれた誕生日ケーキがあります。	ハングルでデコレーションがされたケーキです。
大きな黒い色の車にひかれたキャンピングカーが３台並んでいます。	駐車場には、三台のピックアップトラックにひかれたキャンピングカーが止まっています。
壁の傍の観葉植物の隣にクマのぬいぐるみが置かれています。	植物の隣にクマのぬいぐるみが置いてあります。
男性がテニスのラケットを振っています。	男性が、テニスでラケットを振っています。
ピッチャーが投球している瞬間です。	野球選手が、ボールを投げようとしています。
ネクタイとペンが机の上に置かれています。	机の上にはネクタイとペンが置いてあります。
広げられた旅行鞄の蓋の上に猫が座っています。	広げられたスーツケースの蓋にネコが座っています。
線路の上を黄色い電車が走っています。	線路の上を黄色い電車が走っています。
服が積まれた室内に犬が一匹います。	テーブルにはシャツやズボンがたたんで重ねられていて、そのもとの絨毯には犬が寝そべっています。
うっそうとした森のなかに牛が数頭佇んでいます。	木や草が茂る中に牛が数頭佇んでいます。
黒い帽子を被り黒い服を着た女性が、黒い傘をさして立っています。	道ばたで黒い色の洋服を着て黒い傘を持った女性が立っています。
男性が両手でフリスビーを持っています。	通りにいる男性が両手でフリスビーを持っています。
自転車に乗った人達が、道を横断しています。	自転車が横断歩道を渡っている。
ソファに座っている女性が大きなブラシを持っています。	ソファーに座った女の人が大きなブラシを持っています。
雪の中、柵の奥にシマウマが2頭います	柵の中の雪の上で、シマウマ二頭が佇んでいます。
通りの脇に縦型の信号機が置いてあり、青信号を示しています。	道路脇に設置されている信号機が青色で点灯しています。
ボードを持った人が一人で波打つ際に立っています。	サーフボードを持った人が波打ち際に立っています。
壁に時計のついた建物の前にたくさんの人が行きかっています。	壁面に時計がつけられた建物の前に多くの人がいます。
男の人のネクタイは紫色のストライプです。	男性が紫色のネクタイをしています。
白い布の上に、裁縫道具が並べられています。	白い布が敷かれた机の上に、裁縫道具が並んでいます。
女性は男性がネクタイをするのを撮影しています。	ネクタイを締める男性の隣で女性がカメラを構えています。
雪山でスノーボードをしている人がいます。	一面の雪景色の中で人がスノーボードをしています。
スケートボードに乗った男性がジャンプしています。	男性がスケートボードに乗ってジャンプしています。
広い海でサーファーが海の中に入っています。	静かな海でサーフィンを持った男性が海の中に入っています。
線路の上を黄色い電車が走っています。	線路の合流地点を黄色い列車が走っています。
男性がビザを持ってポーズを取っています。	ピザを手にした男性が親指を立てて笑顔を見せています。
洗面台のとなりにカーテンがかけられています。	洗面台のとなりにあるカーテンがしまっています。
草原を二頭の大きなゾウが悠々と歩いています。	低い草が茂る草原に二頭の象がいます。
海辺のベンチに人が座っています。	海の見える海岸のベンチに人が座っています。
芝生の上に停められたバイクの周りに二人の男性がいます。	芝生の上にバイクを停めて、２人の男性が立っています。
四人のスノーボーダーが雪山を滑っています。	雪山でスノボーをしている人が４人います。
雪山でスノボーをしている人が４人います。	雪山でスノボーをしている人が４人います。
全身が長い毛に覆われた犬が生のにんじんをかじっています。	黒い毛がフサフサの犬がニンジンを食べています。
二人の女性が両手にコントローラーを持ってテレビゲームを操作しています。	女性二人がテレビゲームをしています。
川のそばの草原に牛の群れがいます。	川のそばの草原に牛が放牧されています。
雪山でニット帽を被ったスキーヤーが転んでいます。	雪山でニット帽を被ったスノーボーダーが転んでいます。
一頭のシマウマが地面に生えた草を食べています。	一頭のシマウマが地面に生えた草を食べています。
コートで握手する女子テニスプレーヤー。	テニスプレーヤー同士がコートの中央で握手をしています。
一匹の犬と一匹の猫が窓の前にいます。	一匹の犬と一匹の猫が窓の前にいます。
フードプロセッサーの中に白い粉が入っています。	フードプロセッサーの中に白い粉末があります。
砂浜で女性と男性が、子供のそばで座っています。	浜辺に海の方を向いて男女と幼い子どもが座っています。
砂浜にサーフボードが刺さっています。	海岸にサーフィンボードが刺さっています。
屋外に道先案内の標識が立っています。	屋外に案内標識が設置されています。
敷布団の上に掛け布団と毛布が折りたたまれています。	敷布団の上に、掛布団と毛布がたたんであります。
雪の平原に立つ、スキーを履いてストックを持って、肩を組んでいる男女です。	雪の上で男性と女性がスキー履いて立っています。
数人の男女が屋外で食事をしています。	数人の男女が外で食事をしています。
２頭のキリンが連なって歩いている。	キリンが2頭、前後して歩いています。
キッチンの冷蔵庫にたくさんのシールが貼ってあります。	キッチンにステッカーの貼られた冷蔵庫があります。
キッチンにある白い冷蔵庫にたくさんのステッカーが貼ってあります。	キッチンの白い冷蔵庫にたくさんのシールが貼ってあります。
雪山に三人の人がスキー姿で立っています。	スキー場の斜面に３人のスキーヤーがいます。
草の生えた岩場の広場で、フリスビーをしている人達がいます。	森林の岩場のある広場で、フリスビーをしている人たちがいます。
浴槽の近くに洗面台が設置されています。	洗面台が設置されているバスルームです。
壁に広告がある所のベンチに女性が二人座っています。	ベンチに二人の女性が座っています。
お皿にピザが二切れ乗せられています。	お皿の上にピザが2枚並べられています。
ジェット飛行機が飛行場に停まっています。	飛行場にジェット飛行機が止まっています。
野球選手がバットにサインをしています。	野球選手がバットにサインをしています。
ベッドの上に赤ん坊と子供が並んで横たわっています。	赤ちゃんと少年がベッドに寝そべっています。
ドーナツをフライヤーで揚がっています。	ドーナッツが油の中で揚げられています。
広場の上で男性がスケボーをしています。	男性が広場でスケートボードをしています。
女の子がスキーを履いて立っています。	小さな子がスキーを履いて、ゲレンデに立っています。
草原に茶色と黒色の牛が五頭います。	茶色や黒い色の牛が５頭、草原で立っています。
テーブルの上に料理が置かれているところです。	人の座っているテーブルに料理の盛られたお皿やカップがあります。
芝生の上にサーフィンボードが置かれています。	芝生の上にサーフボードが置かれています。
庭先にサーフボードが放置されています。	芝生の上にサーフボードが置かれています。
デスクの上にノートパソコンが置かれています。。	茶色の机の上に、黒いノートパソコンが画面を開いて置いてあります。
砂浜で男性と犬が、フリスビーで遊んでいます。	砂浜で、男性が犬とフリスビーをしています。
椅子に座る女性のそばに男性が跪いています。	椅子に座った女性の隣に跪いた男性がいます。
猫がノートパソコンに乗りかかっています。	ネコがノートパソコンに乗っかっています。
黄色い花が一面に咲く草原で一頭の馬が草を食べています。	馬が黄色い花の咲く草原で草を食べているところです。
バッターボックスにはバットを持った打者が立っています。	バッターボックスの打者がバットを持って立っています。
バッターボックスにはバットを持った打者が立っています。	バッターボックスにはバットを持った打者が立っています。
男性がテニスラケットを振っています。	テニスラケットを振っている男性がいます。
女の人が椅子に座りながら携帯電話をかけています。	椅子に座っている女性が携帯電話をしています。
道路を自動車と自転車が走っています。	道路の上を車や自転車などが走っています。
道路を自動車と自転車が走っています。	道路上を車や自転車が走行しています。
白いお皿の上にピザが置かれている。	白いお皿の上にピザが置かれています。
水着を着た女性が青空に凧を揚げています。	浜辺で水着姿の女性が凧揚げをしています。
水着を着た女性が青空に凧を揚げています。	浜辺で水着姿の女性が凧を揚げています。
オレンジ色のトラックが駐車場に停められている。	オレンジ色のトラックが１台停まっています。
男性がオートバイにまたがっています。	黄色いオートバイにまたがっている男性がいます。
赤いリンゴと黄色いオレンジが置かれています。	緑色の机の上に、りんごとオレンジが置いてあります。
犬の頭に帽子をかぶせて抱えられています。	帽子をかぶった犬が人に抱えられています。
街中の道路を大きなバスが走っています。	道路を大きなバスが走っています。
沢山のバナナが棒から下がる紐に吊るされています。	沢山のバナナが紐で吊るされています。
椅子の座面にテレビのリモコンがおいてあります。	椅子のうえにリモコンがおかれています。
水辺で男性がフリスビーを持って構えています。	水辺でフリスビーを持った人が立っています。
座ってテレビを観ている男性がいます。	男性が座って部屋のテレビを見ています。
SL機関車が煙を出しながら走っています。	煙をはきながら機関車が走っています。
羊がワイヤーの柵の隙間から顔を出しています。	柵の隙間から羊が顔を出しています。
水入れの前で、子猫がこちらを見ています。	水飲み皿の横にいる子猫が、こちらを向いています。
道路にある標識に落書きがされています。	落書きされた道路標識が１本存在してます。
上半身裸の男性がサーフボードを乗せたバイクに乗っています。	上半身が裸でウェットスーツを下半身にだけ着ている人が、黒いスクーターにまたがっており、青いサーフボードがスクーターの横に積んであります。
箱の中に、いろいろなドーナツが入っています。	箱の中に数種類のドーナッツが入っています。
女性がスケートボードにのっています。	女性がスケートボードをしています。
電車が川の上にある橋を走っている。	列車が川に架かる橋の上を通過しています。
テーブルの上に料理が置いてあります。	テーブルに料理がならべられています。
男性がトラックの前に立っています。	Ｔシャツを着た男性がトラックの前に立っています。
駅のホームに電車が二種類停まっています。	ホームにふたつの列車が停まっています。
落書きされた壁の上を電車が走っています。	落書きされた壁の上に赤い列車が走っています。
落書きされた壁の上に赤い列車が走っています。	落書きされた壁の上を電車が走っています。
スーパーの果物売り場に数種類の果物が売られています。	果物売り場にたくさんの果物が並んでいます。
紙袋をかぶった人がノートパソコンを操作しています。	紙袋を被った人がノートパソコンをいじっています。
落書きがされているコースで、上半身裸の男性がスケートボードをしています。	上半身裸の男性がスケートボードをしています。
自転車に乗ったジャケットの男性が信号の前で止まっています。	自転車に乗った男性が街の交差点で信号待ちをしています。
男の子が柵の中にいる二匹の象を眺めているところです。	動物園の柵の中のゾウを男の子が見ています。
女性テニスプレイヤーがサーブを打っています。	テニスコートでプレイヤーがサーブをしています。
女性テニスプレイヤーが、試合でサーブを打っています。	テニスの試合にて、女性のテニスプレイヤーがサーブを打ったところです。
男性の前に大きな丸いピザが置かれています。	男性の目の前に大きなピザがあります。
テーブルの上に、花が活けられた花瓶が置かれています。	テーブルの上に花が活けられています。
スノーボードでジャンプしている人がいます。	雪山でスノーボードでジャンプしている人がいます。
トイレの中の白い便器の前に黒いカーペットが置かれています。	トイレに白い便器と黒いマットが置かれている。
ダークグレーの服を着た人が紙に包まれたホットドッグを持っています。	ホットドックを手に持って立っている人がいます。
海でサーフィンをしている人がいます。	海にて、サーファーが波に乗っています。
白い布で覆われたベッドの上に白い枕が二つ置かれています。	白いシーツの敷かれた上に二つの枕が置かれたベッドがあります。
ラケットを持った男性がガッツポーズをしています。	男性ががラケットを片手に持ってガッツポーズをしています。
ラケットを持った男性がコートの上でガッツポーズをしています。	男性ががラケットを片手に持ってガッツポーズをしています。
男性と女性がグラスを持って乾杯をしています。	男性と女性がワイングラスを持っています。
歩道沿いに消火栓が置かれています。	石畳の歩道に消火栓が建っています。
男性がスケートボードに手をかけて立っています。	男性がスケートボードに手をついて立っています。
雪のゲレンデを登っているリフトに二人の人物が座っています。	広いゲレンデで、二人の人物がリフトにのっています。
草原で象が歩いているところです。	草地の上で象が１頭歩いています。
天候が良くない一面雪景色の中、スノーボードをしています。	天気の悪い雪山で、ボードに乗った人が滑っています。
砂浜に立って凧揚げをしている人がいます。	女性が砂浜でゲイラカイトを揚げています。
スキーを履いた人が雪山を歩いています。	スキーをはいた人物が雪道を進んでいます。
片足をスケートボードに乗せている。	スケートボードの上に、片足だけ載せています。
船に乗った犬が身を乗り出して海を見ています。	船に乗ったグレーの毛を持った犬が海を眺めています。
青と赤いペイントがしてある飛行機が空港に止まっています。	青と赤の機体の飛行機が止まっています。
多くのピンクのパラソルとビーチチェアがビーチにある。	ビーチパラソルと椅子がたくさん並べてあります。
２階建てのバスが道路脇に停車しています。	道路脇に二階建てバスが停車しています。
道路わきに２階建てのバスが停車しています。	道路脇に二階建てバスが停車しています。
机上にスマートフォンとコードが置かれています。	テーブルの上に、スマートフォンやケーブルが置いてあります。
一台のバイクにまたがっている１人の男性です。	一人の男性が、バイクにまたがっています。
少年が赤いユニフォームを着てバットを構えています。	赤いユニフォームを着た少年がバットを構えています。
線路の上をライトをつけた列車が走っています。	線路の上を、ライトをつけた列車が走行しています。
飛行場にプロペラ飛行機がたくさん止まっています。	飛行場で飛行機が多くとまっています。
人の足元で子犬が２匹遊んでいます。	人の足元で鼻の黒い2匹の子犬がじゃれあっています。
スキーヤーが斜面を滑っています。	2人のスキーヤーが斜面を滑っています。
様々な種類のドーナツが並んでいます。	いろいろな種類のドーナツが並んでいます。
雪が積もった林の中に、一羽の赤い色をした鳥がいます。	雪の積もった林の中に、鳥が一羽とまっています。
草原に2頭のキリンが立っています。	草原の草むらにキリンが二頭立っています。
スノーボーダーが雪山の斜面を滑っています。	急斜面をスノーボードで滑っている人がいます。
人工芝のコートで、若い女性達がサッカーの指導を受けています。	人工芝のコートで、若い女性達がサッカーの指導を受けています。
街路灯の電柱の隣に駐車料金メーターがあります。	道路わきにある街灯の側に、駐車料金メーターがあります。
２頭のキリンが並んで立っています。	草原に二頭のキリンが佇んでいます。
立派な牙をもつ象とその子供の象が立っている	２頭の親子であるゾウが立っている
赤い2階建てバスが、建物の前に置かれています。	赤いボディの2階建てバスが止まっています。
建物の手前に二階建てバスが止まっています。	赤い２階建てバスが建物の前で止まっています。
水上スキーでジャンプしてる人がいます。	水上スキーをおこなっているひとがいます。
男性がしているネクタイを女性が手に取っています。	女性がスーツを着ている男性のネクタイを触っている。
室内にプロペラがついた飛行機がおかれています。	プロペラ機が室内に展示されています。
三人の子供がテレビゲームで遊んでいます。	3人の子供達が手にリモコンを持ってゲームをしています。
屋根裏部屋にソファーとサイドテーブルと机とイスなどが設置されています。	屋根裏部屋にソファーとサイドテーブルと机とイスなどが設置されています。
屋根裏部屋にソファーとサイドテーブルと机とイスなどが設置されています。	屋根裏部屋にソファーとサイドテーブルと机とイスなどが設置されています。
ピンク色のサッカーのユニフォームを着た女性が座っています。	女性がサッカーのユニフォームを着て座っています。
机の上にデスクトップパソコンとノートパソコンが置いてあります。	机の上に、デスクトップパソコンとノートパソコンが置いてあります。
テーブルにノートパソコンが置いてあります。	テーブルの上にノート型パソコンが置かれています。
シルバーの台の上にピザが四分の一切れ乗っています。	シルバーの台に４分の１に切られたピザが置いてあります。
薄っすらと雪が積もった中を、列車が走っています。	雪のうっすら積もった森の中のレールを列車が走っています。
テニスコートで女性がラケットを構えています。	コートで女性選手がテニスをしています。
カゴの中にバナナやレモン等が入っています。	かごの中にバナナとオレンジ、レモンがあります。
沢山の果物が詰まれた船が航行しています。	船の荷台に、たくさんの果物が積んであります。
ネクタイを締めた子供が椅子に座っています。	椅子に座っている小さな子供が、ネクタイを締めています。
シャツにネクタイ姿の男児が椅子に座っている。	椅子に座っている小さな子供が、ネクタイを締めています。
ヘラを使って鍋の中をかき混ぜています。	台所で鍋のなかの料理をへらでかき混ぜています。
沢山の象が群れになって川の中にいます。	沢山のゾウが群れになって川の中にいるところです。
沢山のゾウが群れになって川の中にいるところです。	草原の中の川の中に象の群れがいます。
キッチンでピザが２つ調理されています。	ピザが2枚調理場で焼かれています。
キリンが高い所にある木の葉を食べている	キリンが首を伸ばして、木についている葉を食べています。
台の上に作りかけのピザが置かれています。	調理途中のピザが台の上にのっています。
木の机の上にはメカニカルなキーボードが置かれています。	木製のテーブルの上に黒いパソコン用キーボードが置かれています。
窓の側とベッドの上に一匹ずつ猫が寝そべっています。	窓枠に一匹の猫がおり、窓際のベッドにももう一匹猫がいます。
文字が書かれた標識が設置されています。	英語と漢字で書かれた標識が立っています。
犬と人がベッドの上で添い寝しています。	茶色い犬に抱きつきながら、人間が寝ています。
飛行機の展示場では、たくさんの飛行機が展示してあります。	会場に多くの飛行機が展示されています。
荷台に犬を乗せた自転車が走っています。	人が、自転車の荷台に白い犬を乗せて走っています。
洗面台の中に白色の猫が座っています。	洗面台の白いシンクに白いネコが入っています。
男性がコントローラーを手にゲームをプレイしています。	部屋の中で男性がテレビゲームを遊んでいます。
自転車のハンドルを両手で持った男性がハットをかぶり脇に犬が座っている。	自転車を持ち帽子をかぶった男性の傍に犬が座っています。
展示されてる柱時計の針が12時20分を指しています。	時計の針が12時20分を指しています。
鐘が設置された建物の上に鳥が巣を作っています。	鐘が設置されている上に鳥が巣を作っています。
サーファーが大きな波に乗っています。	サーフボードに乗った人が波の上でサーフィンをしています。
キッチン台の上にたくさんの野菜があります。	キッチンテーブルにいろいろな種類の野菜があります。
道路をバスが３台通行しているところです。	道路の上を三台のバスが連なって走っています。
スキーヤーが雪の斜面を滑り降りています。	雪の斜面をスキーヤーが滑降しています。
赤い服を着た犬がサイドテーブル下の鏡を見つめている。	サンタ服を着た犬が、鏡を見ています。
犬がフリスビーを咥えています。	犬がフレスビーを口にくわえています。
バイクに乗った男性が前輪を浮かせた状態で走っています。	ライダーがバイクをウィリーさせて走行しています。
砂浜で、サーフボードを抱えたサーファーが歩いています。	砂浜を一人の男性がサーフボードを持って歩いています。
シルバーの貨物列車が線路の上にあります。	銀色の車体の列車が線路の上にあります。
スキー場のゲレンデを数人のスキー客が滑っています。	雪の積もったゲレンデで、スキヤーがスキーをしています。
消火栓から水が吹き出して道路が水浸しになっています。	消火栓から水が吹き出し、道が濡れています。
夜の歩道にパーキングメーターが並んで立っています。	道路脇の歩道にパーキングメーターが設置されています。
道を歩く象の上に三人の人がのっています。	象が背中に三人の人を乗せています。
暖炉のある部屋にソファーが置かれています。	薄く明かりのともった部屋の左側にソファーがあり奥には暖炉があります。
サバンナに1頭のシマウマが佇んでいます。	草原に一頭のシマウマが佇んでいます。
木と草が生い茂る草原に三頭のシマウマがいます。	木も生えている草原を、シマウマが3頭歩いています。
木の枝の間に、ぬいぐるみが挟んであります。	木の枝の間に熊のぬいぐるみが挟まっています。
牧場にくつろいでいる牛が3頭います。	牧場で茶色い牛が三匹横たわっている。
トースターから焼けたピザを取り出しています。	トースターからピザが取り出されています。
バスルームの中にトイレと洗面台があります。	白色の浴槽の近くに、白色の便器と洗面台があります。
子供がぬいぐるみの歯を磨いています。	男の子がぬいぐるみの歯をみがいています。
棚にたくさんのりんごが積み上げられています。	たくさんのリンゴが棚に並んでいます。
たくさんのリンゴが棚に並んでいます。	棚にたくさんのりんごが並べられています。
まだ青いバナナが重ねられて置いてあります。	青いバナナの房が束の状態で置かれています。
少年がパンが乗った皿を両手に持っています。	両方の手に、パンを乗せたお皿を持っている人がいます。
コートを着た女性が建物のわきで携帯電話を見ています。	黒いコートを着た女性が携帯電話を見ています。
凧あげをしている人が砂浜に沢山います。	人のたくさん集まっている砂浜の上空に凧があがっています。
帽子をかぶったスーツ姿の男性がいます。	スーツを着た人が帽子を被っています。
スーツを着た男性が、ウィンクをしているように見えます。	スーツを着た男性が左目をつぶってウインクしているように見えます。
ピックアップトラックの荷台にバナナがたくさん積まれています。	トラックの荷台に、大量のバナナがのせられています。
帽子を被り手綱を持った女性が馬に乗っています。	帽子を被った女性が、馬に乗っています。
お皿の上に食べかけのご飯とフォークが載っています。	皿の上には、食べかけの料理とフォークがあります。
青い傘を差した人が道を歩いています。	雨が降る中、青い傘をさした人が歩いています。
通りにあるゴミ箱に電子レンジが捨てられています。	丸いゴミ箱に電子レンジが捨てられている。
箱の中にドーナツが３個入っています。	箱の中には3個のドーナツが入っています。
サーファーたちが波にのっています。	海の上で、２人のサーファーが波に乗っています。
２人の人がサーフィンをしています。	海の上で、２人のサーファーが波に乗っています。
男性がスケートボードに乗っています。	男性がスケートボードに乗っています。
草原にある水場にに10頭ものシマウマがいる。	草原の水場に多くのシマウマ達がいます。
蒸気機関車が煙を噴き出しています。	蒸気機関車が車体から煙を吐いている。
サーフボードを持って波打ち際を歩いている人達がいます。	サーフボードを持った男性と女性が、砂浜を歩いています。
たくさんの人が、広場で凧揚げをしています。	広場で凧揚げをしている人達がいます。
キリンに餌を与えている女性がいます。	女性がキリンにエサを与えています。
ボールを打ち返そうと構える男性のテニス選手です。	男性のテニスプレイヤーがボールを打ち返そうとしています。
建物が立ち並ぶ町並みの路上で黄色い路面電車が走っています。	黄色い路面電車が街中を走っている。
ホットドックの向こうでソーセージを焼いています。	ホットドッグの奥でソーセージを焼いています。
白いプロペラ機が、空を飛んでいます。	白いプロペラ機が飛行しています。
白いドアの前に２匹の犬が立っています。	白いドアの手前に２匹の犬がいます。
空港の通路にたくさんの人が歩いています。	空港の通路を多くの人が歩いています。
三人の男性が並んでベンチに座っています。	三人の男性が緑色のベンチに座っています。
犬を連れた人が本屋の前で立ち止まっています。	書店の前に犬を連れた男の人が立っています。
キッチンに、容器とスプーンを手に持った女性が立っています。	キッチンに女性が容器とスプーンを持って立っています。
男性と女性が身体を寄せあい、こちらを見て笑っています。	男性と女性が寄り添って、こちらを向いています。
白い犬に横に座った男性がギターを弾いています。	道端でギターを弾く男性の横に犬がいます。
茶色い毛色の牛が二頭と犬が一匹います。	牧場に二頭の牛と一匹の犬がいます。
夜間の道路には街灯がついています。	夜の通りを街灯が照らしています。
野球のピッチャーがボールを投げようとしています。	野球場でピッチャーが投球しようとしています。
段ボールにくるまった少女が立って歯磨きをしています。	段ボールを巻いた女の子が洗面台の前で歯磨きをしています。
ピザにトマトソースがかけられています。	真っ赤なピザソースがかけてあるピザ。
キーボードの上に携帯電話が置かれています。	キーボードの上に携帯電話があります。
芝生の公園で人々がフリスビーで遊んでいます。	公園で数人がフリスビーをしています。
女性テニスプレイヤーがサーブを打っています。	女性テニスプレイヤーがサーブをしています。
スケートボードでジャンプしている男性がいます。	スケートボードに乗っている人がジャンプしています。
スターリンが人の顔が合成されている具を挟んだパンを持っています。	スターリンが人の顔が合成されている具を挟んだパンを片手に持っています。
テニスの試合で、選手がサーブする瞬間です。	テニスプレイヤーが、サーブを打とうとしています。
ゲレンデを滑り降りるスキーヤーがいます。	スキーヤーがゲレンデを滑っています。
街の中を、赤い二階建てバスが走っています。	街中を赤い2階建てバスが走行しています。
街の中を、赤い二階建てバスが走っています。	赤い二階建てのバスが走行している。
男性がスケートボードで滑っています。	歩道を男性がスケートボードで走行しています。
気の枝にくちばしの長い鳥がとまっています。	気の枝にくちばしの短い鳥がとまっています。
ふたりの女性がテレビゲームをプレーしています。	二人の女性がテレビゲームで遊んでいます。
ワイングラスの形の様な変わった形のものがあります。	薄い紫色のワイングラスの様な形をした物が置かれています。
テニスコートでテニスをしている人がいます。	テニス選手がサーブを打とうとしています。
男性が電動歯ブラシで歯を磨いている。	男性が電動歯ブラシを使っています。
二頭のシマウマたちが佇んでいます。	２頭のシマウマが横に並んで立っています。
芝生の上にオレンジ色の熊のぬいぐるみが置かれています。	オレンジ色のクマのぬいぐるみが置かれています。
空港の駐機場に旅客機が停まっています。	飛行場に数機の飛行機が停まっています。
雪山を二人のスキーヤーが歩いています。	雪面を二人のスキーヤーが歩いています。
曇り空に時計塔が建っているところです。	曇り空の下に時計の設置された古い建物が建っています。
左側は瓶が置いてある台の前にいる３人で、右側はピザを持った女性です。	左側は瓶が置いてある台の前に３人いて、右側は女性がピザを持っています。
1匹のネコが窓ガラスの内側から外を見ています。	1匹のネコが窓ガラスの内側から外を見ています。
ショーケースの中にドーナツが並んでいます。	台の上の陳列ケースに数種類のドーナツがあります。
滑走路に小型飛行機が止まっています。	芝生の傍の滑走路に白い小型飛行機が止まっています。
三つのマグカップにはひとつずつ歯ブラシがささっています。	マグカップにそれぞれ歯ブラシが一本ずつ入っています。
三つのマグカップにはひとつずつ歯ブラシがささっています。	壁の棚にハブラシの入ったコップが３つ並べてあります。
水面に浮かぶ船から黒い犬が顔を出しています。	船の上に乗った黒い犬が船べりに顔を乗せています。
スケボーをしている３人の男性が別々にジャンプしています。	人々が路上でスケートボードに乗ってジャンプしています。
馬が沢山の荷物を載せた荷車を引いています。	沢山の荷物を積んだ荷車を、馬が引いています。
台所の椅子の上にノートパソコンが置かれています。	オーブンレンジの前の椅子の上に、パソコンが置いてあります。
オーブンレンジの前の椅子の上に、パソコンが置いてあります。	オーブンの前にあるイスの上に、ノート型パソコンが置いてあります。
オーブンの前に置かれた椅子の上にパソコンがのっています。	オーブンレンジの前にある椅子に、パソコンが置かれています。
女性が犬を連れて、砂浜を散歩しています。	１匹の犬を連れた女性が海岸を歩いています。
海岸でサーフボードを持っている人がいます。	サーファーがサーフボードを持って波打ち際を歩いている。
列車の席に車窓を覗く様に子供が座っています。	2人の子供が電車の座席から外の様子を見ています。
ブロッコリーの入ったスパゲッティです。	ブロッコリーなどの野菜であえたパスタ料理があります。
ヤシの木の上空に二機の飛行機が煙を流しながら飛んでいます。	木の上の空を２機の飛行機が飛んでいます。
女性がリモコンのようなものを持って立っている。	女性がリモコンのようなものを持って立っている。
男性が電車のホームで自転車を押して歩いています。	駅のプラットホームで自転車を押している男性がいます。
色々な種類の果物が陳列されています。	いろいろな果物が、段々に陳列されています。
たくさんの種類の果物が並んでいます。	いろいろな果物が、段々に陳列されています。
雪の斜面にスキーヤーが一人手を挙げて立っています	雪で覆われた斜面で１人のスキーヤーが手を挙げています。
急流でサーファーがボードを持って立っています。	急流で男性がサーフボードを持って立っています。
急流でサーフボードを持っている人がいます。	急流のそばで、サーフボード持つ人がいます。
キッチンに段ボール箱が１箱置かれています。	キッチンの中央に箱が置いてあります。
芝生で2頭のシマウマが草を食べています。	シマウマが２頭、草を食べています。
シマウマが２頭、草を食べています。	柵の中で２頭のシマウマが草を食べています。
棚には小物、時計、本が並んでいます。	茶色い棚の中に時計や本が置かれています。
二人の子供が芝生の上で歯磨きをしています。	子供たちが、外で歯磨きをしています。
女性が三人でピザを手作りで調理しています。	3人の女性たちがピザを作っています。
女性たちがキッチンで料理の後片付けをしています。	キッチンで女性が洗い物をしています。
女性がキッチンで料理の後片付けをしています。	二人の女性がキッチンで料理の後片付けをしています。
車のサイドミラーに犬の顔が見えています。	車のサイドミラーに犬の顔が見えています。
多色のペインティングをした移動販売車が停止しています。	多色な塗装をした移動販売車が路上で停まっています。
ベンチの端に座った男性がノートパソコンを操作しています。	男性がベンチに腰をかけてパソコンを操作しています。
マウンドからピッチャーがボールを投げました。	ピッチャーがマウンドでボールを投げています。
歩道の上で白いシャツを着た男性が股の間から水を出しています。	道路に立った男性の股下の辺りから水が噴射しています。
ハサミを空中に投げつける様子です。	人の手が宙にハサミを放っています。
一人の男性が地面に横たわっています。	地面の上に男性が横たわっています。
お皿の上にいろんな種類の果物がのっています。	お皿にフルーツの盛り合わせがあります。
３頭のシマウマが草原で立っています。	３頭のシマウマが草原で立っています。
床に置かれたノートパソコンをネコがのぞいています。	猫が床に置かれたパソコンをのぞいています。
クレーコートでテニスの試合をしています。	テニスコートでテニスが行われています。
老人男性がリモコンでテレビゲームをしています。	男性の老人がリモコンを片手にテレビゲームをしています。
白髪の男性が立ってテレビゲームをしています。	老人の男性が、テレビゲームをしています。
ベンチの背もたれに小鳥がとまっています。	ベンチの背もたれに鳥が１羽とまっています。
二羽の黒い鳥が岩に上に止まっています。	二羽の黒い鳥が岩に上に止まっています
テニスプレイヤーがテニスコートに立っています。	テニスコートにテニスプレイヤーがいます。
線路にノーズが黄色くペイントされた列車があります。	レールの上に先頭が黄色の列車があります。
タンスなどの調度品の間で猫が寝ています。	タンスなどの調度品の間で猫が寝ています。
海の近くで女性が凧を持っています。	海岸で女性が凧揚げをしています。
テーブルの上にノートパソコンが5台置かれています。	机の上にノートパソコンが５台あります。
便器の後ろに街の景色が見える窓が付いています。	トイレの窓から外の景色が見えています。
まな板の上にみじん切りの玉ねぎが載っています。	まな板の上には、みじん切りにした玉ねぎが乗っています。
メガネをかけた男性が携帯電話で話をしています。	メガネをかけた男性が携帯電話で通話しています。
4人のスキーヤーがゲレンデに立っています。	スキーを履いた人が四人並んで立っています。
二人の男性が、テニスコートのネットを挟んで手を差し出しています。	二人の男性がテニスコートのネット越しに、手を差し出しています。
犬が水面から顔を出して泳いでいます。	一匹の犬が水面から顔を出して水の中を泳いでいます。
便器と壁の隙間に猫が隠れています。	猫が便器の隙間に入り込んでいます。
女性がテレビゲームで遊んでいます。	女性がテニスのテレビゲームをしています。
女性がテレビゲームで遊んでいます。	女性がテレビゲームをプレイしています。
男性が携帯電話を耳に当てています。	男性が携帯電話で話をしています。
ドレス姿の女性とスーツ姿の男性が顔を寄せて微笑んでいます。	着飾った男女が頬を寄せて微笑んでいます。
海辺のベンチで人が寝そべっています。	海辺の近くのベンチで人が寝ています。
浜辺で帽子を被った人が凧を揚げています。	帽子をかぶった人が、岸辺で、凧揚げをしています。
青空の下の広場で人々が野球をしています。	広場で男性たちが野球をしています。
テニスコートで二人の人がボールを打ち合っています。	男性2人が屋外コートでテニスをしている。
黒い台の上に本が４冊積まれています。	4冊の本が黒い台の上に積まれています。
海でサーフィンをしている男性がいます。	海の中でサーフィンをしている男性がいます。
子供ががクマのぬいぐるみを背負っています。	子供が熊のぬいぐるみを背中に背負っています。
時計塔のある建物の前に広場があります。	時計塔のある建物の前に広場があります。
青い色の列車が鉄橋を渡っています。	鉄橋の上を青い色の列車が走っています。
赤い2階建てバスが道路に停まっています。	路肩に、赤い二階建てバスが停まっています。
雪を被った緑色の一台のバスが停まっている。	雪の中に一台の緑色のバスが停車しています。
野球選手がバットを持って構えています。	バッターがバッターボックスでバットを構えている。
車に乗って窓から外を見ている犬がいます。	車の助手席の窓から外に顔を出す犬。
広場で子供たちがボール遊びをしています。	砂地の中で子供たちがボール遊びをしています。
海でサーフィンをしている人がいます。	青空の下波乗りしている男性がいます。
雪山の斜面をスキーを履いて歩いている人がいます。	雪上でスキー板を履いた人が歩いています。
建物の前にスーツ姿の男性が立っています。	スーツを着た男性が家の前に立っています。
蒸気機関車が煙を出して通行しています。	機関車が煙をもくもくとあげて進んでいます
雪山で、スキーで勢いよくジャンプしている様子。	雪山でスキーヤーがジャンプをしています。
男性が水の中でフリスビーに手を伸ばしています。	水の中で男性がフリスビーに興じています。
建物の前に猛禽類の彫像の時計台が設置されています。	鷹が羽を広げた彫刻がついた時計台があります。
駅のホームに灰色の電車が来ています。	駅のホームに、電車が入ってきました。
ピッチャーがボールを投げようとしています。	グラウンドでピッチャーが投球をしようとしています。
赤いケーキを前に女性がほほえんでいます。	女性がテーブルの赤いケーキを前にして笑っています。
街灯が付いた棒に信号機と案内板も付いています。	街灯の支柱に信号と曲がった標識が設置されている。
テーブルの上にサラミが載ったピザが置かれています。	テーブルの上に具が載ったビザがあります。
ピザを前に男性が飲み物を飲んでいます。	ピザを前にした男性がグラスの中の飲み物を飲んでいます。
洗面台に歯ブラシやハンドソープのボトルが置かれています。	洗面台の上に歯ブラシなどが置かれています。
自転車をこいでいる男性を、周囲の人が見ています。	自転車で運動をしている男性を、まわりの人が見ています。
男性二人がスケートボードをしています。	男性が２人、スケートボードをしています。
床の絨毯の上にぬいぐるみが置いてあります。	緑色の絨毯!!の上にクマのぬいぐるみが置いてあります。
枯れ草の上に茶色いクマが座っています。	枯れ草の上に一頭の熊が座っています。
枯れ草の上に茶色の熊が座っています。	枯れ草の上に一頭の熊が座っています。
小型飛行機が青空の中飛んでいます。	青空の中、飛行機が一機飛んでいます。
海でサーフィンをしている人がいます。	海で青いサーフボードでサーフィンをしている人です。
野球のピッチャーがボールを投げようとしています。	野球場でピッチャーが投球をしようとしています。
白波の立った海でサーフィンをしています。	海にて一人のサーファーが波に乗っています。
サッカーをしている少年たちがいます。	子供たちがサッカーの試合を行っています。
机の上には液晶モニターとキーボードが置いてあります。	机の上には液晶モニターとキーボードが置いてあります。
馬の前に一人の男性が立っています。	馬の前で、一人の男性が立っています。
キリンが二頭、並んでエサを食べています。	草地の右側のエサ箱でキリンが二頭餌を食べています。
男性が芝生の上でフリスビーを持って立っています。	男性がフリスビーを手に持って立っています。
ワイングラスに赤ワインを注いでいます。	手に持たれたワイングラスに赤ワインが注がれています。
二階建てバスが建物の側の道路に停車しています。	2階建てのバスが建物の側の道路に停車しています。
2階建てのバスが建物の側の道路に停車しています。	建物の側の道路に２階建てのバスが止まっています。
乗用車の屋根に自転車が載せられています。	車の上に、たくさんの自転車が載っています。
一頭のキリンが木立の前に立っている。	木立の前に大きなキリンが一頭います。
自転車に乗った男性が犬を連れています。	男性が自転車で犬を散歩させています。
テニスコートのネット際にラケットを持つ男性が立っています。	テニスコートのネットの前で、男性がラケットを構えています。
青色の大型バスが停留所に停まっている。	青い、大きなバスが駐車場にとまっています。
野球の試合で、バッターが打撃のスイングをしています。	野球の試合で、バッターが打撃のスイングをしています。
野球の試合で、バッターが打撃のスイングをしています。	野球の試合で、バッターが打撃のスイングをしています。
たくさんの人が、並んでワインを飲んでいます。	ワインを飲んでいる人達がたくさんいます。
青い空の中を４機の飛行機が白い煙を流しながら飛行しています。	四機の飛行機が煙をはきながら空を飛んでいます。
レンガの模様の壁の前に、自転車が１台停めてあります。	レンガ造りの壁の前に、自転車が停めてあります。
犬を抱いた女性をカメラで撮影しています。	子犬を抱いた女性にカメラを向けている人がいます。
坂道の道路の歩道に駐車パーキングメーターがあります。	坂道の歩道に設置された、パーキングのメーターです。
青い空の下、木々がある白い雪の広場で空中に飛んでいるスキーヤーです。	青空の中、スキーでジャンプしているところです。
格納庫の中に、ジェット機が停まっています。	ジェット機が、格納庫の中に停まっています。
洋式トイレの壁に、人物の写真が額に入れて飾られています。	洋式のトイレに男性の写真が飾られている。
ソファーと小さなテーブルが置かれています。	部屋の中に黒いソファーと黄色のテーブルが置かれています。
人間を載せた象がサッカーボールで遊んでいます。	背に人間を乗せた象がボールを追いかけています。
草原で食事をとっているシマウマがいます。	１頭のシマウマが、草を食べています。
黄色い壁紙のリビングに一人の男性が立っています。	黄色い壁の室内に、男性が一人います。
牧草地で、2頭の馬が放牧されています。	牧場の中で、２頭の馬が立っています。
夜に教会の建物がライトアップされています。	夜に教会の建物がライトアップされています。
金網沿いを一頭の黒い熊が歩いています。	フェンスの横を、クマが歩いています。
キリンが２頭、首を寄せ合って立っています。	草地の上にキリンが二頭並んでいます。
ソファーに、女性と犬が並んで座っています。	ソファーには一匹の犬と一人の女性が座っています。
牧場の中で、3頭の牛が、並んでこちらを見ています。	3頭の牛が正面を向いて立っています。
街中に高層ビルと時計台のある建物が建っています。	街中に高層ビルと一緒に時計台のある建物が建っています。
道路の脇の芝生で男性と子供がキャッチボールをしています。	男性が、紺色の服を着た子供とキャッチボールをしています。
男性達がフリスビーをしているところです。	広場で男性達がフリスビーで競技をしています。
モニターとノートパソコンが置かれています。	机の上にノートパソコンと大きなディスプレーが置かれています。
カラフルな日傘をさして多くの人が並んでいます。	たくさんの人が色とりどりの傘をさして並んでいます。
１台の青いバイクが道路を走っています。	道路を青色のオートバイが走行しています。
大きな象のとなりに小さな象がいます。	大きな象と小さな象が並んで立っています。
大きな象と小さな象が２頭並んで立っています。	大小の2頭の象が並んで立っています。
テーブルに飲み物とホットドッグが置いてあります。	テーブルの上にホットドッグとドリンクがあります。
金網越しに一頭の大きなゾウが佇んでいます。	鉄線の向こうに、１匹の象が立っています。
二匹の猫が洗面台に頭を突っ込んでいます。	黒い猫と茶色い猫が洗面台に頭を突っ込んでいます。
男性が、手に持ったドーナッツを食べています。	男性が右手に持ったドーナツを食べています。
公園のベンチで親子が休憩しています。	樹のある公園のベンチに母と子供が座っています。
日が沈み赤くなった海面の上に複数の船が浮いています。	空が赤く染まるなか水にたくさんの船が浮いています。
本を小脇にかかえた人が立っています。	男性が書籍を脇に抱えて立っています。
男性の周りに象が三頭立っています。	円形のステージの上に3頭の象がいて、その真ん中に1人の人物が立っています。
ショーウインドーにおもちゃの木馬にまたがった熊のぬいぐるみがあります。	硝子のショーケースの中には木馬に乗ったクマのぬいぐるみが展示してあります。
部屋の中の各所で、四種類の部屋があります。	四つの部屋、リビングや寝室があります。
空港のターミナルに飛行機が駐車しています。	空港のターミナルにジャンボジェット機が止まっています。
テーブルにノートパソコンや犬や食事が置かれている。	テーブルに食べ物とパソコンがあり犬ものっています。
緑色の柵の向こうに川が流れています。	緑色の柵の向こう側に川が見えます。
魚眼レンズでリビングをのぞいています。	魚眼レンズの中に部屋の景色が見えます。
バースディケーキが一つテーブルの上に用意されています。	テーブルの上に、バースディケーキがあります。
ショーケースの中にケーキがたくさん並んでいます。	ショーケースに様々なケーキが陳列されています。
レンガの壁の前にネクタイを締めた女性が立っています。	レンガ造りの壁の前にネクタイ姿の女性が立っています。
階段の手すり付近でスケボーをしています。	男の人が階段の手すり付近でスケートボードをしています。
オレンジ色の貨物列車の前に自転車があります。	貨物列車をバックに自転車がとめられています。
建物のない丘の横で、線路を走る列車です。	建物が無い丘の横の線路を電車がはしっています。
一匹の犬がフリスビーをジャンプしながらキャッチしています。	緑の草地で犬がジャンプしてフリスビーをくわえています。
眼鏡をした女性が歯磨きをしています。	メガネの女性が歯みがきをしています。
ソファーの上に、犬がリラックスした状態で寝転んでいます。	ソファの上で犬が寛いだ姿勢になって眠っています。
スノーボードを持った男性がいます。	雪の上にスノーボードを持った男性がいます。
テーブルの上には秤やトースターなどが置いてあります。	テーブルの上にオーブントースターや計量器があります。
シマウマが金網をかけられた木の横に立っています。	シマウマが金網を掛けられた木のそばにいる。
室内にて黒い大型バイクが置いてあります。	黒くて大きなバイクが室内に停めてあります。
男性は背中にスケートボードを背負っています。	男性がスケートボードを入れたカバンを背負っています。
海の上で犬がサーフボードに乗っています。	海の上で犬がサーフボードに乗っています。
牝牛の像の頭に花飾りが飾られています。	頭に橙色の飾りを付けた牛の像があります。
道路をバイクがたくさん走っています。	大勢のバイカーがバイクで道路を走っています。
小窓から光がさしているトイレのある部屋です。	トイレのある室内の窓から日が差し込んでいます。
鉄条網の上に青い小さな鳥が止まっています	鉄線に青い鳥が止まっているところです。
鉄線に青い毛を持った鳥が止まっています。	鉄線に青い鳥が止まっているところです。
広場でフライングディスクもって跳んでいる人がいます。	ジャンプしてフリスビーをつかまえている人がいます。
テニスコートで選手が球を打とうとしているところです。	テニスコートで男性プレイヤーがボールを打とうとしています。
上空を飛行機が飛んでいるところです。	空を小さい飛行機が飛んでいます。
スキーヤーが雪の上をすべっています。	白いスキーウエアを着たスキーヤーがスキーをしてます。
キッチンでピーマンを包丁で切っている男性。	男性がキッチンに立ち、包丁でピーマンをカットしています。
包丁を持った男性がキッチンのまな板の上でピーマンを切っています。	男性がキッチンに立ち、包丁でピーマンをカットしています。
リモコンがテーブルに置かれています。	テーブルの上にリモコンが置いてあります。
飛行場に黒い飛行機が着陸しています。	黒い飛行機が地上に降り立っています。
スケートボーダーがジャンプしています。	専用コースで、男性がスケートボードでジャンプしています。
黄色と黄土色のウェアの人が雪の上でスノーボードをしています。	スキー場でスノーボードで滑っています。
草原の中に羊とシマウマが１頭ずついます。	草原にシマウマと羊が一頭ずついます。
後ろ足で立っている象を人々が眺めています。	象が後ろ脚で立ち上がっているのを、観客が見ています。
レンガ造りの壁に看板が取り付けられています。	レンガ造りの建物に看板が掲げられています。
パソコンの上に箱が置かれています。	ノートパソコンの上に箱が置かれています。
オフィスのデスクの上に、パソコンモニターが３台並んでいる。	机の上に三台のパソコンモニターが置かれています。
テーブルの上に、電源の入ったノートパソコンが置いてあります。	テーブルにノートパソコンがおかれています。
道路脇に白い自動車が停められています。	路傍に白い自動車が1台停まっています。
小屋の中に一匹の羊が立っています。	木で作られた小屋の中に、羊が一頭立っています。
テニスコートで二人の男性が堅い握手を交わしています。	テニスコートのネットのところで握手をしている選手がいます。
テニスコートのネット越しに握手をしている人たちがいます。	テニスコートのネットをはさんで、２人の男性がお互いの手を組んでいます。
スケートボードに乗った男性が木の障害物を飛び越えています	スケートボードでジャンプし木の箱を乗り越えています。
真っ白な雪景色の中、スノボーでジャンプしている人がいます。	雪原の上空にスノーボーダーがジャンプしています。
二頭の馬が荷物が積まれた荷台を引いています。	２頭の馬が荷物が積まれた荷台を引いています。
テーブルの上に黒い猫があがっています。	テーブルの上に黒い猫が座っています。
船がとまっている港のそばの崖には、家がたくさん建っています。	住宅地の手前の水辺に船がとまっています。
男性が砂浜のうえでカイトをあげています。	男性が砂地の土地で、凧揚げをしています。
男性が砂地の土地で、凧揚げをしています。	砂浜で凧をあげている男の人がいます。
シマウマの子供が立ってこちらを向いています。	シマウマの子供がこちらの方を向いています。
青いペンキで色づけされた家の前にバイクが留められています。	青いお家の前にバイクが一台止まっています
草むらにある大きな木の陰に三頭のキリンがいます。	大きな木がある草原にキリンがいます。
草原の木の下に三頭のキリンがいます。	大きな木がある草原にキリンがいます。
道路沿いに人が並び、そばを車が走っています。	道路沿いに人が並び、道路には車が走っているところです。
海にて、サーファーが波に乗っています。	サーファーが波に乗って立っています。
海の上でサーフィンをしている人がいます。	海の上で、サーファーが波に乗っています。
草原でキリンとシマウマが歩いています。	サバンナをキリンやシマウマたちが歩いています。
赤いドアの両脇に白いシャッターがあります。	建物に設置された左右の白いシャッターの間に赤い扉があります。
人が右手で歯ブラシと携帯電話を握っています。	携帯電話とハブラシを一緒に片手で持っています。
部屋の中に帽子を被ってネクタイを着けた男の子が立っています。	帽子をかぶってネクタイをした男の子が立っています。
砂浜にサーフボードが置いてあります。	ビーチにサーフボードが１個立てかけられています。
黒いウエットスーツを着た男性が、海でサーフィンをしています。	黒いウエットスーツを着た男性が、海でサーフィンをしています。
黒いウエットスーツを着た男性が、海でサーフィンをしています。	黒いウエットスーツを着た男性が、海でサーフィンをしています。
男の人と女の人が広場で食べ物を食べています。	男性と女性が、広場で食べ物を食べています。
仮装した２人の人が乗った古い型の消防車が、沿道に多くの見物人のいる市街地を走行しています。	仮装した２人の人が乗った古い型の消防車が、沿道に多くの見物人のいる市街地を走行しています。
白のジャンボジェット機が青空を飛んでいます。	青い空を、飛行機が飛んでいます。
一組のカップルが、ウェディングケーキをカットしています。	二人の男女が三段のウェディングケーキを切っています。
窓辺に大きなテレビが置いてあります。	窓の前のキャビネットのうえにテレビがおかれています。
歩道に出ている青い屋根の下を男の人が歩いています。	歩道に出ている青い屋根の下を男の人が歩いています。
川べりで象の群れが水浴びをしています。	水辺でたくさんのゾウが水浴びをしています。
ソファーに座って2人の男性が話をしています	クマのぬいぐるみのあるソファーで、男性が２人でしゃべっています。
スーツの男性が花瓶の側に立っています。	スーツ姿の男性が花瓶が置かれた台のそばに立っています。
自転車競技をする人達が走っています。	ロードレースの選手たちが走っています。
ネットの向こうに野球の試合をしているのが見えます。	ネットの向こうで野球が行われています。
デスクの上には、二台のモニタが並べられ、キーボードとマウスがあります。	デスクの上に、2台のパソコンモニターと、キーボードと、マウスパッドの上に置かれたマウスがあります。
デスクの上には、二台のモニタが並べられ、キーボードとマウスがあります。	机の上にパソコンのモニターが２つと、キーボード、マウスがあります。
ユニフォームを着た男性がバットを持っています。	野球のユニフォームを着た人が、バットを握っています。
晴れた日に道路上を青いトラックが信号待ちをしてる。	青い大型のトラックが信号待ちをしています。
消防車が道路に停車してあります。	一台の赤い消防車が木々のそばの道路に停まっている。
部屋のベッドの上に猫が座っています。	猫がベッドの上に座ってこちらを見ています。
蒸気機関車が線路を走っています。	煙を上げながら走っている蒸気機関車がいます。
煙を上げながら走っている蒸気機関車がいます。	蒸気機関車が煙を上げて走っています。
大きな3基の風車の下にある海でサーファーがサーフィンをしています。	風力発電の風車の近くでサーファーがサーフィンをしています。
男性がホースで象に水をかけています。	男性が左手を上げながらホースで、ゾウに水をかけています。
ヘルメットをかぶった男性が自転車に乗っています。	白いＴシャツを着てヘルメットをかぶった男性が自転車に乗っています。
フルーツの香りのする封筒の箱です。	フルーツの香りのする封筒のパッケージです。
水色のハサミで紙を切ったものがあります。	水色のハサミと、切られた紙があります。
青いベンチの上にネコが一匹います。	一匹の猫が青いベンチに座っています。
大人の男性と赤ちゃんが扉の開いた冷蔵庫の前に立っています。	男性と赤ちゃんが開いた冷蔵庫の前に立っています。
短髪の人がスケートボードでジャンプしています。	段差の傍で男性がスケートボードと共に飛んでいます。
岩場の草の上に一頭のキリンがいます。	岩場の前の草地で、一頭のキリンが佇んでいます。
緑色のバナナがたくさん実っています。	完熟前ののバナナがたくさん実っています。
4人のスキーヤーが雪の上に立っています。	四人でスキーをしている人が雪の上に立っています。
白い花瓶にピンクの花が生けてあります。	白い花瓶にピンクのカーネーションがいけられています。
人々が椅子に座ってノートパソコンを使っている。	机の上にノートパソコンを置いて操作している人たちがいます。
天井からつるされた時計が12時40分を指しています。	12時40分を示した時計が、天井からぶら下がっています。
茶とグレーの二頭の馬が向かい合っています。	茶色とグレーの馬が向き合っています。
茶とグレーの二頭の馬が向かい合っています。	茶色とグレーの馬が向き合っています。
コップを逆さにしてその上に歯ブラシが置いてあります。	さかさまにしたコップの上に歯ブラシが置かれています。
車内に座っている人物が装置を耳に当てています。	車内に座っている人物が装置を耳に当てています。
大きいゾウは子ゾウの頭を鼻でなでています。	象が子象の頭を鼻で触っています。
緑色をした２階立てバスが停まっています。	グリーンの二階建ての車が止まっています。
二頭の馬が人の乗った馬車をひいています。	二頭の馬に引かれた傘付きの馬車に男性が乗っています。
青い自転車の本体に赤い傘がベルトでつけられています。	青い自転車に赤い傘が付いています。
座っているクマと歩き回っているクマが、森の中にいます。	森林の中で座っているクマと歩き回っているクマがいます。
雪の斜面を男の人がスキーで滑り降りています。	雪山をスキーで滑降している人がいます。
赤土の道路に馬に乗った男性がいます。	舗装されていない道で1人の男性が馬に乗っています。
男性テニスプレーヤーがラケットを持っています。	テニスラケットを持ってテニスコートにいる男性がいます。
草がいっぱい茂っている中に、熊が潜んでいます。	草むらの中に、クマが頭を出しています。
クマをモチーフにしたケーキがあります。	クマの形をしたケーキが置かれています。
男性と女性が、手にコントローラーを持って立っています。	ゲームのコントローラーを手に持った、二人の男女が立っています。
海の上でサーフィンをしている人々がいます。	数人のサーファーが、波に乗っています。
二頭のキリンがお尻を向けあい立っています。	二頭のキリンがお互いのお尻を向け合って立っています。
お皿に載ったハンバーガーを携帯で写真を撮っています。	お皿のハンバーガーを撮影しています。
数台のオートバイが郊外の道路のカーブを曲がるところです。	ツーリングする人達が、道路のカーブを曲がるところです。
くさむらのなかを四頭のゾウがあるいています。	草原で歩いている4頭の象の親子。
芝生の上を一頭のキリンが歩いています。	木と芝生がある場所をキリンが歩いています。
女性がフォークとナイフでピザを切っている。	女性がフォークとナイフで、食べ物を切っています。
男性と女性がリビングのソファーに座っています。	2人の男女が、リビングのソファーに座っています。
雪の中で、人々が傘を差しています。	吹雪の中で傘をさした人々が立っています。
大勢の人が食事の置かれた丸テーブルを囲んでいます。	丸いテーブルを囲んで多くの人が食事をしています。
男性がキリンの首に手をかけています。	キリンの首に腕をまわしている男性がいます。
花模様のお皿の上に、真っ赤なリンゴが置いてあります。	お皿の上に赤いリンゴが一つあります。
海で二人の人がサーフィンをしています。	２人の男性がサーフィンをしているところです。
海で二人の人がサーフィンをしています。	二人のサーファーが波乗りをしています。
水上にある桟橋の上に、たくさんの鳥がいます。	水上にたっている桟橋には、鳥がたくさん止まっています。
女性がサルのバルーンアートを手に持っています。	パーカーを着た女性がさるのかたちをした風船を持っています。
スケボーに乗った人のまわりに多くの観客がいる。	男性がたくさんの見物人を前にスケートボードをしています。
二匹の猫がベンチの上で寝そべっています。	ベンチの上に、2匹の色の違う猫が寝そべっています。
草がたくさん生えた草原でキリンが草を食べています。	草原の中で１頭のキリンが草を食べています。
二人の人が足を交叉させて立っています。	足を交差にさせた人が二人立っています。
男性がフリスビーをキャッチしている。	白いシャツの男性が、ジャンプをしてフリスビーを掴んでいます。
木々に囲まれた草原に三頭のシマウマが立っています。	草原に、３頭のシマウマが立っています。
野球選手がバッターボックスで構えています。	野球場で野球の打者がボールを打とうとしてバットを構えています。
机の上に、マウスとキーボードとカップがあります。	机の上にはキーボードとマウスとマグカップが置いてあります。
駅のホームに黄色い電車が入ってきます。	黄色い列車が、ホームに入ってきています。
皿の上に食べかけのケーキが乗っています。	風船が描かれたお皿の上に食べかけのケーキが乗っています。
ドアが開いた冷蔵庫の中に飲み物が入っています。	扉の開いた冷蔵庫に飲み物や食品が入っています。
皿の上にブロッコリーが入ったケーキがあります。	皿の上にブロッコリーのケーキが置いてあります。
皿の上にブロッコリーのケーキが置いてあります。	皿の上にブロッコリーが入ったケーキが置かれています。
ゲレンデで、スノーボーダーが滑っています。	雪山のゲレンデでスノーボードで滑走している人がいます。
キッチンで料理をする赤い服を着た女性がいます。	赤い服を着た女性がキッチンで料理をしています。
窓には緑色のカーテンがかかっています。	部屋の中に緑色のカーテンがかかっています。
道端に赤い消火栓が設置されています。	道路脇の芝生に赤色の消火栓があります。
バスの停車場にて、路線バスから乗客が降りています。	路線バスがバス停に到着し乗客を降ろしている
ドーナッツ、コーヒー、スプーンがマットの上にあります。	テーブルクロスの上の紙の上に、ドーナツ１個とティースプーン、コーヒーが入ったカップが置いてあります。
路上に停まった馬車の横に男性が立っています。	馬に引かせた幌馬車の前に、男性が立っています。
木の枝に白い一羽の鳥が止まっています。	木の枝に、１羽の鳥が立っています。
作戦を話しているダブルスペア。	テニスの試合でダブルスを組んだ男性2人が作戦を練っているところです。
夜の駅のホームに電車がとまっています。	夜の駅のホームに電車が停車しています。
まな板の上にニンジンとナイフが置いてある。	まな板の上に、人参とナイフが置かれ、料理の途中です。
低い木のある草原に沢山のキリンがいます。	背が低い木の間にキリンが複数立っています。
露店でオレンジなどの果物が山積みになっています。	青空市場の店頭に、大量のオレンジが陳列されています。
スノーボードを足につけた男性が雪の上で体育座りをしています。	男性がスノーボードをつけて雪の上に座り込んでいます。
キリンが道の真ん中に立っていて車が渋滞しています。	キリンが道路の真ん中に立ち、車の往来を妨げています。
2頭の白黒のまだら模様の羊がいます。	柵の中には、白黒のまだら模様の羊が二頭います。
女性テニスプレイヤーがラケットを構えています。	女性がテニスコートでラケットを構えています。
山あいの野原に黒い牛が何頭もいます。	山の麓の原っぱに黒い牛が何頭もいます。
トイレについた蛇口から、水が出ています。	洋式トイレの便座の上にある蛇口から水が出ている。
目を細めた女性が携帯電話で話をしています。	女性が目を細めて携帯電話で話をしています。
ジャングルにバナナがなっている木があります。	木のうっそうと茂る森の中にバナナが実っています。
車とバスがいっぱいで通りは渋滞しています。	道路にはたくさんの車やバスがいます。
飛行機の羽の下に山と川が見えています。	飛行機の翼の下に山や川が見えています。
飛行機の翼の下に山や川が見えています。	飛行機の翼と山や川が見えています。
台所の隅に白い冷蔵庫が置いてあります。	台所の一角に白い冷蔵庫が置かれています。
海辺にサーフボードが置かれた横に男性が立っている。	波打ち際で、男性がサーフボードを砂浜に置き、その横に立っています。
男性が右手に歯ブラシを持っています。	男性が右手に歯ブラシを握っています。
森林の右側に黒いクマの姿があります。	森の木の間に黒い大きなクマがいます。
棚に銅製の花瓶やカップが置かれている。	棚の上に花瓶やカップが置いてあります。
ホットドッグにかじりつく男性がいます。	男性がホットドッグを口に運んでいます。
飛行中の旅客機の真下から見ています。	空を飛んでいる飛行機を下から見ています。
皿の上にある大きなピザを、取っている人がいます。	皿に載っているピザを取ろうとしている人がいます。
草原に生えている木の下に置かれたテーブルと椅子があります。	木の下の芝にはテーブルと椅子が置かれています。
男性が、フルーツをたくさんのせたバイクで走っています。	たくさんのバナナを積んだバイクが路上を走っています。
野球場でバットを振る練習をしています。	野球のグラウンドで選手が2名素振りをしているところです。
少年がスノーボードをしています。	少年がスノーボードでで滑っています。
1匹の犬が乗ったボートが水しぶきを上げて進んでいます。	犬が１匹、水の上を走るボートに乗っています。
女性はドーナツにチョコレートをかけています。	１人の女性が、ドーナツにチョコレートをかけています。
赤色のトラックでは運ばれてる牛がいます。	赤いトラックの荷台には牛が乗っています。
ドーナツ店の前に男性が立っています。	ドーナツショップの前に男性が立っています。
二階建てのバスに乗り込む人たちがいます。	２階建てのバスに乗客が乗り込んでいます。
男性が横になってPCを操作しています。	男性がベッドの上でノートパソコンを操作しています。
１人の女性がフリスビーをしています。	１人の女性がフリスビーをしています。
雨の中でこちらに背を向けて傘を差す女性がいます。	雨が降る中、女性が傘をさして立っています。
雪原の上を五頭の馬が歩いています。	雪原の上を馬の群れが歩いています。
スノーボードを着けて宙を飛んでいる人がいます。	スノーボーダーが空中にジャンプしています。
飛行場に数機の飛行機がとまっています。	飛行場に数機の飛行機が止まっています。
夕日を背景に浜辺をサイクリングしている２人です。	夕陽を背にして浜辺でサイクリングをしている。
男性を乗せた馬車が道路を走っています。	男性が馬車に乗って走行しています。
青い電車が線路のうえをはしっています。	線路の上に青い列車の姿があります。
皿の上に、野菜と肉料理がのっています。	お皿の上に肉と芋と野菜が盛りつけてあります。
黄色と青で配色されている貨物列車が線路を走っています。	レールの上を黄色と青で配色されている列車がコンテナを牽いて走行しています。
台所に、４つ口の電熱コンロがあります。	キッチンに４つの電熱器がついたコンロがあります。
木に大量の緑色のバナナが生っています。	バナナの木に緑色のバナナが生えています。
木のベンチの上に一匹のリスがいます。	木々に囲まれたベンチの上にリスがいます。
タイヤが大きなトラックが広場に止められています。	タイヤの大きな車が停まっています。
草地の中を一頭の茶色いクマが歩いています。	植物が生い茂る場所をクマが歩いています。
一匹のキリンがレンガ造りの建物の前にたっています。	レンガ造りの建物の前でキリンが佇んでいます。
口をくっつけた二頭のキリンがいます。	二頭のキリンが口先をつけあっています。
茶色い家から出てくる機関車の模型があります。	建物から出てきている機関車の模型があります。
草原の中で縞馬の群れが立っています。	草原の中を縞馬の群れが立っています。
芝生で男性が2人、フリスビーを取り合っています。	芝生の上で二人の男性がフレスビーを奪い合っています。
一頭の茶色い牛が、草を食べています。	一頭の牛が牧草地の草を食べています。
広大な駐車場に二台の車が停まっています。	広い駐車場に車が二台停まっています。
草原にキリンが数頭いるのがみえます。	草原に数頭のキリンがいるのが見えます。
市街地の道路を緑色のバスが走行しています。	緑色のバスが、道路を走っています。
タオルを持った男性がバスルームの床を掃除している。	男性がバスルームの床を掃除しています。
森の上空を一機の飛行機が飛んでいるところです。	木々の上の青空を一機の旅客機が飛んでいます。
空港の手荷物渡し場所で家族が立っています。	空港の荷物を受け取る所で、家族が立っています。
テレビのある部屋で、1匹の猫がいます。	テレビのある部屋で茶色の猫が1匹います。
線路の上には蒸気機関車があります。	黒い蒸気機関車が線路の上にあります。
切り立った崖の横を蒸気機関車が走っています。	蒸気機関車が崖沿いの線路を走っています。
野球の試合でバッターがバットを振っています。	バッターボックスでバッターがスイングしています。
男女のうちの男性が携帯電話をかけています。	男性が携帯電話で話をしています。
ホットドッグと調味料が置かれています。	テーブルの上にホットドッグが盛られた皿と調味料が置いてあります。
芝生の上で、男性1人と女性1人がサッカーをしています。	芝生の上には、サッカーボールを目がけて走る男女がいます。
テニスコートに2人の男性テニスプレイヤーが立っています。	2人の男性テニスプレイヤーがテニスコートの中にいます。
テーブルの上にたくさんの野菜がのせられています。	テーブルのうえにさまざまな野菜がおかれています。
草原で一頭の牛がこちらを見ています。	草原で一頭の牛がこちらを向いて立っています。
公衆トイレに落書きがされています。	洗面台とトイレ周りは落書きされています。
暗闇の中、飛行機が２機飛んでいます。	夜空を２機の白い飛行機が飛んでいます。
空中に2台の航空機と月が見えます。	月の浮かんだ夜空の中を、飛行機が２機、飛んでいます。
スキーヤーが雪山を滑っています。	雪山を、スキーヤーが滑降しています。
海賊の帽子を被った犬が寝ています。	海賊の帽子を被った犬が寝ています。
新郎新婦がケーキカットをしています。	結婚式の男女がケーキカットをしています。
青いウェアを着た女性がテニスをしています。	青いウェアーを着たテニスの選手がテニスの試合をしています。
靴棚の間の空きスペースに猫が横たわっています。	靴だなの中に茶色のねこが横たわっています。
赤と緑の二階建てバスが並んで停車しています。	赤と、緑の２階建てバスが停まっています。
トイレに和式の便器が設置されています。	トイレ内にしゃがみ式の便器があります。
テーブルに色々なケーキが置いてあります。	テーブルの上に、たくさんのケーキが並べられています。
雪山にスノーボードをしている人がいます。	雪山を一人のスノーボーダーが滑り降りています。
煉瓦造りの建物の上に時計があります。	時計が組み込まれたレンガつくりの建物があります。
洋式の便器のふたが開いた状態になっています。	白い便器があり、ふたが開いています。
白いテーブルに置かれた、ピザや飲み物です。	ピザと飲み物がテーブルの上に置かれています。
男性がスケートボードをしています。	公園でスケートボードをしている男性がいます。
公園でスケートボードをしている男性がいます。	公園でスケボーの練習をしている青年がいます。
貨物列車が道路近くの線路を走行している。	貨物列車が道路と並行した線路を走っています。
砂浜にたくさんの鳥が止まっています。	砂浜にはたくさんの鳥たちが止まっています。
テーブルにピザが載った皿が置かれています。	テーブルの上に、ピザが置かれています。
テーブルの上に様々な料理が並べられています。	テーブルの上にはたくさんの料理が置いてあります。
道路をたくさんの車が通行しています。	道路を多くの自動車が通行しています。
街中の道路をたくさんの車が走っています。	道路をたくさんの自動車が走っています。
白黒の犬が、赤いフリスビーをくわえています。	白黒の犬が赤い円盤をくわえています。
ふたりの少年がテニスをしています。	グランドに青い服の子と黒い服の子がテニスをしています。
黄色の車体の列車が線路の上を走っています。	黄色の車体の列車が線路の上を走っています。
ベンチの上に黒い猫が寝そべっています。	黒い猫がベンチの上で寝そべっています。
ベンチの上に黒い猫が寝そべっています。	灰色のベンチに、1匹の黒猫が寝そべっています。
冷蔵庫のような所に沢山のメモが貼られています。	扉のそばの冷蔵庫のような所にたくさんのメモなどが貼られています。
犬の頭の上にカップが載せられています。	一匹の犬の頭の上に、カップが載っています。
スノーボーダーが高いジャンプをしています。	スノーボードで大ジャンプをしている人がいます。
皿の上に食べ残しのピザが載っています。	テーブルの上にお皿に乗せたピザが置かれています。
スーツを着た白髪の男性が下を向いています。	背広にネクタイ姿の白髪の男性がうつむいています。
皿にはパスタや人参が盛られています。	お皿にパスタとニンジンなどがのっています。
オーブンレンジの中の料理に手をかけています。	人物が、オーブンのなかの料理に手をかけています。
一羽の白い鳥が水面の上を飛んでいます。	白い鳥が水面すれすれのところを飛んでいます。
浴室と洗面所の色が茶色で統一されています。	洗面所付きの茶色を基調としたバスルームです。
ベッドルームの電気が点いています。	寝室内が明かりで照らされています。
ウェットスーツを着た人がサーフィンをしています。	男性が海上でサーフィンをしている。
テレビに向かってテレビゲームをしている若い男性がいます。	男性がコントローラーを手にゲームをプレイしています。
雪山の斜面をスキーヤーが滑っています。	雪山の斜面をスキーヤーが滑ってきます。
少年がヘルメットをしてスケボーをしています。	子供がヘルメットをかぶりスケートボードをしています。
男性がラケットでボールを打っています。	クレーコートの上で男性がラケットでボールを打っています。
たくさんのが歯ブラシが、並べて掛けられています。	ピンクの壁に、たくさんのカラフルな歯ブラシが並んで掛けられています。
棚の上にバナナの房がたくさん並んでいます。	商品棚にたくさんのバナナが置かれています。
一匹の鷲が森の中を飛行しています。	一匹の鷲が右から左に向かって飛んでいます。
机上にノートパソコンが置いてあります。	デスクの上にパソコンが置かれています。
青色の二階建てバスが停車しています。	青い二階建てバスが1台止まっています。
横断歩道をたくさんの人が渡っています。	横断歩道を歩いている人達がいます。
駐車場にたくさんのバスがとめられています。	駐車場にいろんなバスが停まっています。
女性が柵の中にいる羊をなでています。	柵のところで羊の首を撫でている女性がいます。
男性と女性の3人組がベンチに座っています。	男女三人がベンチに座って笑っています。
テーブルの上にオブジェが置いてあります。	部屋の壁際の木のテーブルの上にオブジェが置いてあります。
道路で人を乗せた馬車が走っています。	屋根付きの馬車が人を乗せて移動しています。
黄色い作業車が、森の中にとまっています。	森の中に一台の建設車両が停まっています。
厨房にはたくさんの調理器具が置かれています。	厨房にはたくさんの調理器具が置かれています。
白いボンネットトラックが停車しています。	道路の端に、白いボンネットトラックが駐車しています。
果物が乗ったお皿を子どもたちに配っています。	果物が乗った皿を子どもたちに配ってます。
テーブルの上にピザや飲み物が置かれています。	木の机の上にピザと飲み物が置かれています。
牛たちが柵の中から顔を出し餌の草を食べています。	牛たちが柵の中から顔を出し餌の草を食べています。
芝生の上に置かれたゴムボートに黄色の救命胴衣が置かれています。	ゴムボートの中に、黄色の救命胴衣が入っています。
天窓のあるアーチ型の屋根のホームに電車が止まっています。	アーチ型の屋根のホームに、電車が停まっています。
二人のサーファーがサーフボードをかかえて海に向かって歩いています。	波打ち際を二人の男女がサーフボードを持って海に向かって歩いています。
自動車のサイドミラーにイヌが写っています。	車のサイドミラーに、犬が写っています。
波打ち際に犬が一匹立っています。	波が打ち寄せる砂浜に犬が１匹います。
柵の奥にシマウマが二頭立っています。	柵の向こう側に、シマウマが2頭立っています。
バイクのカゴにネコが入ってこちらを見上げています。	バイクのカゴの中に猫が入っています。
黄色になったバナナとまだ青いバナナがあります。	黄色いバナナと青いバナナがあります。
こちらを向いているゾウとおしりを向けているゾウです。	2頭の象が頭の向きを互い違いにして立っています。
飛行機が赤い煙を上げて飛行しています。	飛行機が赤い煙を出して飛行しています。
積み上げられた石の上に熊のぬいぐるみが置かれています。	クマのぬいぐるみが石の上に座っています。
山で石の上にクマのぬいぐるみが乗せられています。	石を積んだ上に熊のぬいぐるみが置かれています。
「END　BIRD」と書かれた標識か看板です。	外国の看板でエンド　バードと書かれています
傘をさした女性が、一人で歩いています。	道を傘をさして歩いている人がいます。
ビーチで椅子に座って寛いでいる人達がいます。	ビーチで椅子に座って寛いでいる人達がいます。
歯ブラシと歯磨き粉が洗面台の上に置かれています。	台の上に、歯みがき粉チューブと歯ブラシが置かれています。
ビーチの上で男性がサーフボードを持ちあげて歩いています。	砂浜のビーチで、サーフボードを頭の上で抱え上げて歩く、男性の後姿です。
犬がソファに乗って毛布にくるまっています。	ソファーの上で、犬が布団にくるまっています。
砂浜にたくさんの凧が上がっています。	ビーチにたくさんの凧が上がっています。
二人の男性がピザを立ち食いしています。	二人の男性が立ってピザを食べています。
小舟に乗ったビキニ姿の女性がゾウのそばに立っています。	ゾウの横で水着を着た女性がボートの上に立っています。
男性がベンチに座って本をよんでいます。	男性がベンチに座って本を読んでいます
水面の上に、カイトサーフィンの凧が揚がっています。	海の上に水上スポーツ用の凧が揚がっています。
露店で女性が食べ物を販売しています。	女性が露店で食べ物を売っています。
スノーボードでジャンプしている人がいます。	スノーボードでジャンプをしている人がいます。
薄暗い時間帯の上空を、１機の飛行機がライトを点灯して飛行しています。	薄暗い時間帯の上空を、１機の飛行機がライトを点灯して飛行しています。
薄暗い時間帯の上空を、１機の飛行機がライトを点灯して飛行しています。	薄暗い時間帯の上空を、１機の飛行機がライトを点灯して飛行しています。
グレーの戦闘機が滑走路をすすんでいます。	グレーの戦闘機が滑走路を走行しています。
丸いストップの道路標識があります。	ストップと書かれた、丸い大きな標識があります。
男性の調理師が青いまな板の上で人参を切っています。	青いまな板の上で、男性が人参を切っています。
ベッドのそばに服が脱ぎ散らかしてあります。	ベッドの周りに衣服を脱ぎ散らかしています。
岩の上に二頭の茶色いくまがいます。	岩の上に大きな茶色のクマが２頭います。
座った小さい子がプラスチックのバットを持っています。	小さな子供がバットを手に持って座っています。
スキー場のパークにて、スノーボーダーがジャンプを決めています。	スノーボードでジャンプしている人がいます。
赤い色の二階建てバスが道路を走っています。	二階建てバスが道路を走っています。
道路に赤い二階建てバスが２台あります。	2階建てバスが二台連なって走っています。
二台の青いバスが道路脇にとまっています。	道端に２台のブルーのバスが停まっているのが見えます。
砂浜に白い水煙を立てながら波が寄せています。	砂浜に大きい波が押し寄せてきています。
女性が横断歩道のそばに立っています。	横断歩道の近くに女性が立っています。
ソファーに座った二人の男性がいます。	2人の男性がソファーに座っています。
ラケットの上にテニスボールが乗っています。	ラケットの上にテニスボールが置いてあります。
草原を深緑色の機関車が走っています。	草むらの中を深緑色の列車が走っています。
ウェットスーツを着た人が波の上でサーフィンをしています。	黒いウェットスーツを着た男性がサーフィンをしています。
男女が食事が並んだテーブルに座っています。	テーブル席に男性と女性が並んで座っています。
野球のランナーがベースに向かってスライディングをしています。	野球の試合で、ランナーがベースにスライディングしています。
女の子が野原で凧上げをして遊んでいます。	女の子が広場で凧あげをしています。
黒い服に赤いズボンを履いた人がゲレンデでスキーをしています。	赤と黒のウエアを着た人がスキーをしています。
白い皿の上には白いパンのサンドイッチがあります	白色の皿の上に、サンドイッチが置かれています。
広い草原を一頭のキリンが歩いています。	草原を一頭のキリンが歩いています。
広い草原を一頭のキリンが歩いています。	草原にキリンが一頭歩いています。
雪山を２人の人がスキーで滑り降りています。	雪山にて、二人のスキーヤーが滑走しています。
砂浜で凧揚げをしてる人が一人います。	砂浜で一人の男性が凧揚げをしています。
道路に非常にたくさんのバイクが置かれています。	バイクが何台も、道の脇に停まっています。
お皿にポテトとサンドウィッチがのっています。	皿にフライドポテトとサンドイッチが乗っています。
男性が、路上でスケートボードをしています。	道路で男性がスケートボードをしています。
ふたりの人間がソファーでパソコンを使っています。	男女がソファに座ってそれぞれパソコンを操作しています。
バッティング場でバットを振っている人がいます。	バッティングセンターでプレーしている人がいます。
芝生の上で帽子を被った人がフリスビーに興じています。	芝生の上で、帽子を被った人がフリスビーをしています。
色とりどりの傘を差した大勢の人々がいます。	大勢の人が、色とりどりの傘を差しています。
女性が芝生の上でぬいぐるみに囲まれて寝ています。	ぬいぐるみに囲まれて寝ている人がいます。
男性と女性がテニスラケットをもって道路に立っています。	男性と女性がテニスラケットを持って立っています。
ショーウインドウ前には赤いベンチが置いてあります。	店のショーウインドウの前に、４つ連なった形状の赤い椅子が置いてあります。
自転車に乗った女性が携帯を耳に当てています。	女の人が携帯電話を掛けながら自転車に乗っています。
観客が見ている中、テニスコートで女性テニスプレーヤーがラケットを構えています。	テニスコートで女性プレーヤーがラケット持って構えています。
馬に乗った人がロープで羊の群れを束ねています。	馬に乗ったカウボーイが、羊を集めています。
ニット帽をかぶった男性が道路をスケートボードに乗って移動しています。	ニット帽をかぶった男性がスケボーに乗っている。
少年がテニスラケットを持って大人とテニスをしています。	テニスをしている大人と子供がいます。
海でサーフィンをしているところです。	男性が海でサーフィンをしています。
スケートボードを持った男性がいます。	男性がスケートボードを持っています。
川の上の橋を列車が走行しています。	川の上の橋を、貨物列車が通っています。
冷蔵庫の横に棚が置かれています。	冷蔵庫の隣に食材の置かれた棚があります。
黄色いスクールバスが停まっています。	路上に黄色いスクールバスがあります。
木製の柵の中に、馬が１頭立っています。	牧場の柵のそばに馬が一頭立っています。
傘をさして歩いている女性が一人います。	女性が日傘をさして道を歩いています。
白い犬がフリスビーをくわえて走っています。	地面の上をフライングディスクをくわえた犬が走っています。
男性がビーチでフリスビーをしています。	男性が海岸でフリスビーをしています。
男の子がソファーの上でノートパソコンをいじっています。	ソファで男の子がパソコンをしています。
波に向かってサーフィンをしている人が2人います。	サーファーたちが海でサーフィンをしています。
波に向かってサーフィンをしている人が2人います。	二人のサーファーが波に乗っています。
テニス選手がボールを打ち返しています。	テニス選手がボールを打ち返しています。
ビーチ付近の道路で男性がスケボーをしています。	海岸横の道路で、男性がスケートボードをしています。
テニスプレーヤーがサーブを打とうとしています。	テニスコートでプレイヤーがサーブをしています。
プレートに三種のスイーツがのっています。	白い皿の上にケーキが三種類ならべられデコレーションされています。
２台の二階建てバスが停車しています。	赤と白の二台の二階建てバスが並んで停まっています。
日差しが射す雪の上をスキーヤーが滑っている。	太陽が出ている雪山をスキーヤーが滑っています。
鏡に映る姿を猫がじっと見ています。	猫が鏡に映る自分を見つめています。。
お店の中に大きなクマのぬいぐるみが置かれている。	店の床には大きなクマのぬいぐるみがあります。
ピッチャーがマウンドからボールを投げています。	ピッチャーマウンドの上で投手がボールを投げています。
白い皿に、サンドイッチが重ねて積んで置いてあります。	お皿にサンドイッチが盛られています。
白いテーブルの上にはノートパソコンが置いてあります。	机の上にノートパソコンがのっています。
男性が建物にある看板を指差しています。	赤い服を着た男性が壁に設置された青い看板を指さしています。
公園で男性がスケートボードをしています。	男性が公園でスケートボードをしています。
テレビゲームの一人プレイで遊んでいます。	一人の青年が、コンピュータゲーム機を使って、ゲームをしています。
ビニールハウスの中には、さまざまな植物があります。	温室で、さまざまな種類の植物が栽培されています。
皿の上にブドウやキウイやリンゴがあります。	皿にリンゴやキウイなどの果物が置いてあります。
低木の茂った草原にキリンが２頭います。	草原にキリンが二頭、並んで立っています。
一匹のネコが布の上に寝転んでいます。	一匹のネコが布の上に寝転んでいます。
雪の積もる上でスキーをしている人がいます。	雪の上を、スキーヤーが滑っています。
スキーヤーが雪の積もる上を滑っています。	雪の上を、スキーヤーが滑っています。
テーブルの上に料理と飲み物が並べられています。	テーブルに肉料理と飲み物が置いてあります。
年配の男女がテレビゲームをしています。	部屋の中では老夫婦がテレビゲームのコントローラを使ってボクシングのような構えをしています。
駅のホームに白い電車が入ってきています。	１台の白い電車がホームに入ってきています。
自転車にスケートボードが立てかけられています。	自転車の側面にスケボーが立てかけられています。
海の上でウィンドサーフィンをしている人がいます。	海の上で、ウインドサーフィンをしている人がいます。
海でサーフィンをする人がひとりいます。	一人のサーファ―が波乗りをしています。
１人の女性がテニスをしています。	女性が、テニスコートでテニスをしています。
紙皿にピザが一切れのせられています。	紙皿の上にワンピースのピザが乗っています。
黒いスーツを着た男性が波乗りをしています。	黒い服の男性がサーフィンをしています。
蒸気機関車が駅のホームに入って来ています。	蒸気機関車が駅のホームに止まっています。
スケートボードを持った男の人が立っています。	スケボーを持った男性が立っています。
土の上にはたくさんの動物が集まっています。	土の上にはたくさんの動物が集まっています。
たくさんの種類の調味料が置いてあります。	台所に、いろいろな種類の調味料があります。
駅に黄色いペインティングをした列車が停まっています。	青空のもと、駅のホームに黄色い列車がいます。
道路に三角コーンとストップの標識を持った警備員が立っています。	男性が道路の真ん中でＳＴＯＰと書かれた標識をもって立っています。
道路で「STOP」と書かれた標識を持っている人がいます。	道路で男性が停止標識を持って立っています。
駐機場に赤くカラーリングされた飛行機が停まっています。	赤い航空機が飛行場に停車しています。
野球の試合中で、バッターとキャッチャーと球審がそれぞれ構えています。	野球の試合中で、バッターとキャッチャーと球審がそれぞれ構えています。
野球の試合中で、バッターとキャッチャーと球審がそれぞれ構えています。	野球の試合中で、バッターとキャッチャーと球審がそれぞれ構えています。
女性がリュックサックと犬をのせて背負っています。	河原で女性がリュックと犬を背中に背負っています。
食べかけのドーナツと飲み物が置かれています。	食べかけのドーナツと、飲みかけのコーヒーが、テーブルの上に置いてあります。
テーブルの上にお皿に乗ったピザが二枚置いてあります。	大きな二枚のピザが、テーブルに並べられています。
トイレのタンクの上に、黒い猫がいます。	トイレの水洗タンクの上に、黒猫が横たわっています。
キリンが餌に向かって舌を伸ばしています。	キリンが餌に向かって長い舌を伸ばしています。
青空の中、飛行機が煙を残しながら飛行しています。	飛行機が白い4本の煙を出しながら青空を飛んでいます。
好天の砂浜を犬を連れてランニングしている女性がいます。	海岸に犬を連れて走っている女性がいます。
青いシャツの女性が、テニスラケットをボールに向かって振っています。	女性がテニスボールを打とうとしています。
岩の上にタグが付いたクマのぬいぐるみが置かれている。	岩の上に、クマのぬいぐるみが置かれています。
ソファーに置かれた開いてあるノートPCのキーボード部に、ネコが1匹横になって寝ています。	ノートパソコンのキーボード上で猫が寝ています。
果物のオレンジが積み上げられています。	オレンジがたくさん積み上げられています。
テニス選手がラケットを持って振りかぶっています。	テニス選手がボールを打とうとしているところです。
水辺でシマウマが並んで水を飲んでいます。	シマウマたちが水辺で水を飲んでいます。
女性たちがダブルスでテニスの試合をしています。	テニスのダブルスの試合でテニスコートに女性が2人います。
こんがりと焼けたピザが、白い皿に載せられています。	焼きあがったピザがお皿の上に載っています。
教室の中でパソコンの使い方を教えています。	学校で、女性の先生がパソコンの使い方を教えています。
テーブルの上にたくさんのケーキがあります。	机の上に、たくさんのケーキが並べられています。
テーブルの上にたくさんのケーキがあります。	テーブルにたくさんのケーキが並んでいます。
机の上に、たくさんのケーキが並べられています。	テーブルの上にたくさんケーキが置かれています。
陶器の器の中に、いろいろな果物が入っています。	果物がどんぶりの中に入っています。
水色のトラックが土を積んだ状態で停まっています。	一台の土を積んだ水色のトラックがあります。
コートでダブルスのテニスが行われています。	テニスコートでテニスのダブルスの試合が行われています。
ボウルの中に様々な野菜が入っています。	グリーンの食器の中に野菜がぎっしり入っています。
白いウェアのテニス選手がサーブを打つところです。	白いユニフォームの男性テニスプレーヤーが、サーブを打とうとしています。
草の上にピンクのカードとぬいぐるみがあります。	草むらの中にピンクのカードとぬいぐるみが置かれています。
赤ちゃんと同じぐらいの大きさの熊のぬいぐるみが置かれています。	赤ちゃんと赤ちゃんと同じくらいの大きさの熊のぬいぐるみがあります。
レールの上をディーゼル機関車に牽かれた列車が走っています。	ディーゼル機関車に牽かれた列車が走っています。
机上に花の植木鉢がたくさん置かれています。	テーブルの上に花が咲いた植木鉢があります。
草むらに1頭の熊が立って、振り向いています。	草原の中に茶色い熊が一頭振り返っています。
キッチンのオーブンで料理している男性です。	キッチンの大きなオーブンを男性が使っています。
大きな凧を上げている人がいます。	空に凧を揚げている人がいます。
リビングで子供たちが遊んでいます。	リビングルームでテーブルを囲んで子供たちが遊んでいます。
駅のホームに電車が停車しています。	駅のプラットフォームで、電車が停車しています。
山のふもとに数頭の馬が立っています。	山の手前の草原に馬が数頭佇んでいます。
大勢のスキー客がスキー場で滑っています。	大勢のスキーヤーがゲレンデで滑っています。
ゲレンデでたくさんの人々がスキーをしています。	大勢のスキーヤーがゲレンデで滑っています。
テーブルの上にパソコンが２台置かれています。	デスクの上に２台のパソコンが置いてあります。
時計の上や横に、複数の人形が置かれています。	目覚まし時計の上と横に、人形が置かれています。
カウボーイハットをかぶった女性が、馬に乗っています。	女性がカウボーイ姿で馬に乗っています。
ピンク系の柄の１人掛けソファーに紫色のクッションが置いてあり、横にフロアランプが点いています。	ピンク系の柄の１人掛けソファーに赤色のクッションが置いてあり、横にフロアランプが点いています。
女性が電子レンジの扉を開けました。	女性が電子レンジの扉を開けています。
女性がキッチンで電子レンジの扉を開けています。	女性が電子レンジの扉を開けています。
カーペットの上に一匹の犬が俯せています。	カーペットの上で伏せている一匹の犬がいます。
ノートパソコンのそばには雑誌や携帯電話があります。	ノートパソコン横の雑誌の上に、携帯電話が置いてあります。
4人のスノーボーダーが雪の斜面を滑っている。	雪上でスノーボードをしている人が４人います。
イヌがネクタイをつけてお座りをしています。	黒いネクタイをした犬が座っています。
険しい雪山の斜面に色んな装備を身に着けた赤いウエアのスキーヤーがいます。	険しい雪山の斜面に色んな装備を身に着けた赤いウエアのスキーヤーがいます。
険しい雪山の斜面に色んな装備を身に着けた赤いウエアのスキーヤーがいます。	険しい雪山の斜面に色んな装備を身に着けた赤いウエアのスキーヤーがいます。
大空にたこがたくさん飛んでいます。	さまざまな形の凧が空に上がっています。
雪山が見える草原の中に、１頭の馬がいます。	雪山が見える草原に、1頭の馬がいます。
部屋に数多くの時計がかざられています。	部屋に時計がたくさん置かれています。
部屋に数多くの時計がかざられています。	へやには時計がたくさんあります
携帯電話を持った女性が壁に寄りかかっています。	女性が壁にもたれながら携帯電話を操作しています。
あずき色の電車が駅に停車しています。	小豆色の列車が、ホームに止まっています。
スノーボードで大きくジャンプしている人がいます。	雪の斜面の上でスノーボードに乗った人がジャンプしています。
赤ん坊が歯ブラシを口に入れています。	赤ちゃんが、左手で持った歯ブラシを咥えています。
紫の傘をさした中年男性が歩いています。	紫色の傘をさした男性が歩いています。
鉄板の上で料理を焼いている人がいます。	鉄板の上でシェフが調理具を使って料理をしています。
にんじんとジャガイモを手に持っています。	人参とジャガイモを手に持っています。
レンジの中に焼き上がったパンが入っています。	オーブンレンジの中でパンが焼けています。
くちばしが長い鳥が、水を飲んでいます。	くちばしが長い鳥が、水を飲んでいます。
雪の中で男性が、スノーボードをしています。	男性が雪の中で、スノーボードをしています。
白い壁の洗面所に鏡が付いた洗面台があります。	白い洗面台の奥の壁に鏡が付けられています。
男性が柵の中のキリンとキスしています。	男性が、柵の中のキリンとキスをしています。
青い服を着た女性が皿に料理を盛り付けています。	青い服を着た女性が皿に料理を盛り付けています。
包丁とスイカを持った人がキッチンにいます。	女性がキッチンでスイカを切っています。
白い皿の上に料理が載っています。	白い皿の上にソースのかかった茶色い食べ物が載っています。
野球のバッターがボールを打とうとしています。	バットを下から振り上げているバッターがいます。
ビーチにて黄色いビキニ姿の女性がフリスビーを持っています。	ビーチに、ビキニを着た女性が、フリスビーを持っています。
スノーボードをはめたまま座っている人たち。	スノーボーダーたちが、雪の上に腰を下ろしています。
バッターボックスでバットを振っている人がいます。	バッターボックスでバットを振っている人がいます。
柵に一台の自転車が掛けられています。	鉄格子のドアに自転車が引っ掛けられています。
鉄の扉の上に、自転車が引っかけられています。	鉄格子のドアに自転車が引っ掛けられています。
白い皿の上にパンと目玉焼きが盛り付けられています。	白いお皿に盛られた、パンと目玉焼きです。
天井からバナナの房が吊られています。	バナナの房が、フックにつり下げられています。
緑色の服を着た人がスノーボードを滑っています。	緑色のスキーウェアを着た人がスノーボードをしています。
赤と青に塗られている電車が駅のホームに停まっています。	駅のプラットフォームに電車が停まっています。
絵柄のある白いお皿の上に、ケーキとフォークがのっています。	皿の上に、フォークとケーキが置いてあります。
パーキングメーターが二つ並んでいます。	パーキングメーターが二つ隣り合って設置されています。
ビルの前には2台のバスが停まっています。	ビルの前に同型のバスが2台止まっています。
スキーヤーが雪の上を滑走しています。	スキーヤーが雪の斜面を滑っている。
道には３人が乗った荷台を引く馬がいます。	牧場脇の道を馬車に乗って移動する三人がいます。
お皿の上にトーストとオムレツとポテトフライが乗っています。	皿の上に、トーストやオムレツやポテトが盛り付けられています。
スノーボードを履いて座る人の横で、黄色いウェアの人がスキーを履いて立っています。	スノーボーダーとスキーヤーがいます。
1台のボートが水面に水しぶきをあげて走っています。	大きな川を一隻のモーターボートが走っています
縦型の信号機が青を点灯しています。	道にある信号機が青を表示しています。
道路の脇に消火栓が設置してあります。	消火栓が道端に設置がされています。
女性がサーフボードで波に乗っています。	海で、サーフィンをしている女性がいます。
水辺の草地に訪れた、シマウマやヌーなどの群れ。	草原にシマウマなどの動物が群れを成しています。
テレビゲームを楽しんでいる眼鏡をかけた少年。	めがねをかけた子供がテレビゲームをしています。
男性が海でサーフィンをしています。	男性が海で、サーフィンをしています。
男性がスケボーに乗ってジャンプをしています。	スケボーに乗った男性がジャンプをしている。
スケボーに乗った男性がジャンプをしている。	スケートボーダーがジャンプを決めています。
男の人がヨットの脇に止めた黄色いボートに乗っています。	停泊しているボートの隣に、黄色のボートに乗った男性がいます。
店内で大きなピザにかじりつく黒い服の男性がいます。	店外で大きなピザにかじりつく黒い服の男性がいます。
タイル貼りの床に複数の機器と便器と青い椅子が置いてあります。	床に複数の機器と便器と青い椅子が置いてあります。
線路上を貨物列車が走行しています。	線路の上を貨物列車が走っています。
厨房で料理の盛り付けをしている料理人がいます。	コックさんが、料理をお皿に盛り付けています。
皿の上に料理が盛り付けられています。	白い皿の中に料理が盛られています。
何頭ものシマウマが草木のある敷地を走っている。	草木の茂る場所をシマウマたちが移動しています。
パソコンが置かれたデスクの椅子に犬が座っています。	犬がパソコンの前の椅子に乗って座っています。
三匹のキリンが水辺にたっています。	水辺に３頭のきりんがたっています。
野球のピッチャーがボールを投げています。	野球場で、紺色のキャップと白いユニフォームの野球の投手が、ボールを投げようとしています。
ピッチャーがマウンドで、ボールを投げるところです。	高校野球の試合で投手が投げている。
森の木の茂みの中で三頭のキリンが立っています。	木々に囲まれや雑草に3頭のキリンがいる。
本立ての上に木製の時計が置いてあります。	本棚の上に木製の置き時計があります。
スキーを履いた人がジャンプをしています。	雪山でスキーヤーがジャンプをしています。
スキー板を履いた人が、ジャンプしています。	スキーを履いてジャンプしている人がいます。
トイレに便器とビデが並んで置かれています。	トイレに便器とビデが設置されています。
水辺に象が2頭来て水浴びをしています。	2ひきのゾウさんが水辺で遊んでいます。
高い位置から雪の街並みが見えるトイレの空間です。	外の景色の見える室内に便器があります。
波打ち際でサーファーがサーフボードを持って歩いています。	海辺のビーチにて、サーフボードを持った男性が歩いています。
部屋には机と椅子、電気スタンドがあります。	部屋にデスクと椅子、電気スタンドが置かれています
熊のぬいぐるみを椅子に座らせています。	茶色いクマのぬいぐるみを椅子に座らせています。
女性が両手に持ったホットドッグを食べています。	女性がホットドッグを食べています。
壁のフックには歯ブラシがかけられています。	タイルの壁に歯ブラシがぶら下げられています。
女性の前には緑の野菜がたくさんのったピザがあります。	女性の前に焼きあがったピザがあります。
テニスコートでテニスをしている人がいます。	男性がテニスコートでテニスをしています。
テーブルの上に様々なデジタル機器が乗っています。	テーブルの上にパソコンと携帯が置かれています。
サンドウィッチとコーヒーがテーブルの上に置かれています。	サンドイッチと飲み物がテーブルに置かれています。
クマのぬいぐるみの背中のチャックから猫のぬいぐるみが顔を出しています。	熊のぬいぐるみの背中にあるチャックから、猫のぬいぐるみが飛び出しています。
二人の男性がナイフを持ってケーキを切っています。	二人の男性がケーキをカットしています。
テーブルの上にノートパソコンがあり、その前に猫がいます。	ノートパソコンの置かれたテーブルの前に猫が座っています。
軍服を着た女性が男性を見ています。	軍服を着た女性が男性を見つめています。
青空にいろんな種類の凧があがっています。	青空にたくさんの凧があがっています。
青空の中に、沢山の凧が舞っています。	青空にたくさんの凧があがっています。
男性が寝ているベッドの上で立っている女性がいます。	ベットの上で、横になっている男性と、立っている女性がいます。
ベンチの上に、子供たちが５人座っています。	五人の子供たちがベンチに座っています。
テーブルの上に電子レンジが置いてあります。	台の上に電子レンジが置かれています。
２頭の黒いヤギと１頭の白いヤギが草の上に座っています。	一頭の白いやぎと二頭の黒いやぎが座っています。
ショーウインドウの中に自転車があります。	ショーウィンドウに自転車が飾られています。
建物の前の道路に荷物を積み、人が乗ったトラックが停まっています。	路上に荷物を積んだトラックが停まっています。
草原の上を三羽の鳥が飛んでいます。	草原の上を三羽の白い鳥が飛んでいます。
グローブをはめた男性がボールを投げたところです	グローブをつけた男性がボールを投げている。
通りを赤い傘を差した人が歩いています。	赤い傘をさした人が道路を歩いています。
白のユニホームを着た男性がテニスをしている。	白のユニホームを着た男性がテニスをしています。
テーブルの上にはケーキとろうそくが置いてあります。	テーブルに大きなケーキとキャンドルがセッティングされています。
一人の男性が、鏡の前でネクタイを締めています。	男性が鏡の前でネクタイを締めています。
オレンジが山積みになっています。	オレンジが積み重ねて置いてあります。
器にバナナと青いリンゴが入っています。	青リンゴとバナナが器に入っています。
川岸近くにあるベンチに男女が座っています。	川沿いの芝生にあるベンチに男女が座っています。
古びた列車がプラットホームで停車しています。	古そうな鉄道が駅に止まっています。
一頭のシマウマが立って草を食べています。	一頭のシマウマが下草を食べています。
ショーケースの中には何種類かのピザが置かれていました。	ショーウィンドウの中に、数種類のピザが並んでいます。
錆びてぼろぼろになった車が放置してあります。	芝生の上に錆びた廃車が放置されています。
円筒状の物の所に鳥が止まっています。	円筒状の物の所に鳥が止まっています。
女性が空に向かって凧上げをしています。	曇り空に向けて、女性が凧を上げています。
女の子がいるベッドに猫が乗っています。	ベッドで少女が横になっている布団の上に、1匹のネコが座っています。
雪が降り積もる夜道をバスが走行しています。	雪の降る夜、家の前の雪道を走るバスです。
複数頭の山羊が草原で草を食べています。	草原の中で数頭の山羊が草を食べています。
野球選手がボールをキャッチしています。	野球選手がグローブでボールをキャッチしています。
サラミとチーズが複数乗ったピザ生地です。	ピザ生地のうえにサラミとチーズがのせられています。
黒い鍋の中に複数のソーセージが入っています。	鍋の中に、数本のソーセージが入っています。
コートにラケットを構えた女性がいます。	テニスコートにラケットを構えた女性がいます。
テニスコートにラケットを構えた女性がいます。	テニスコートでテニスをしている女性がいます。
カラフェの中にコルクがいっぱい入っています。	カラフェの中に、ワインのコルク栓がたくさん入っています。
道路脇の敷地に時計塔が建っています。	市街地の道路の脇に時計台が立っています。
男の子がボールの入ったグローブを持っています。	男の子がボールが入ったグローブを持っています。
木製の柵の前から子供を抱えた女性がキリンを眺めています。	赤ん坊と母親が、動物園のキリンを見ています。
夜景に色とりどりの街灯が灯っています。	夜の通りの上方に外灯がともっています。
電車の中に自転車が置いてあり横で新聞を読んでいる人がいます。	電車の中に自転車があって、新聞を読んでいる人がいます。
牙の生えた象のそばには人々が立っています。	牙の生えた象のそばには人々が立っています。
一匹のイヌが砂地をゆっくりと歩いています。	砂浜を一匹の犬がゆっくりと歩いています。
道路の途中に青いトラックがいます。	道路に青いピックアップトラックがいます。
道路に青いピックアップトラックがいます。	道路に青いピックアップトラックがいます。
海で一人の男がサーフィンをしています。	１人の男性が海でサーフィンしています。
二人の女性がホットドッグを食べようとしています。	女性が2人寄り添ってホットドッグを食べようとしています。
ワゴン車の荷台にたくさんのバナナが積まれています。	車の中に沢山のバナナが積み込まれています。
コートで男子テニス選手がラケットを持っています。	男性のテニス選手がコートでラケットを握っています。
道路に青い車と赤いバスが止まっています。	街角の道路に、青い車と赤いバスが止まっています。
蒸気機関車が、線路の上を走っています。	機関車が蒸気を飛ばし線路の上を走っています。
広い駐車場に黄色いバスが停車しています。	駐車場に黄色のバスが停車しています。
駅のホームには列車が停まっています。	列車が駅のホームに停車しています。
広場に沢山の小型バイクが並べられています。	芝生の上に小型バイクが並んでいます。
部屋にクリスマスツリーが置かれています。	部屋の中で、クリスマスツリーが点灯しています。
雪の斜面をスキー選手が滑っています。	雪の斜面をスキーで滑っている人がいます。
白い電車がホームから出て行きました。	駅のホーム付近を白い電車が走行しています。
海辺に一頭の茶色の馬が立っています。	波打ち際に、1頭の茶色い馬が立っています。
スケートボードでジャンプしているひとがいます。	スケートボートで高くジャンプしています。
トレーの上にニンジンやブロッコリーなど色々な野菜がのっています。	トレーにいろいろな野菜がのせてあります。
コンクリートの上に黒猫が横たわっています。	コンクリートの上に、黒猫が寝そべっています。
ビーチで凧揚げをする人たちです。	砂浜にいる数人が凧上げをしています。
コップの中に首を突っ込んでいる猫を、ほかの猫が見ています。	一匹の猫がコップに顔を入れているのをもう一匹の猫が見ている。
海でサーフィンをしている人がいます。	波の上でサーフィンをしている人がいます。
女性が持ったフリスビーに犬が飛びついています。	女性が持っているフリスビーに、犬がジャンプして噛み付いています。
テーブルを囲んで食事をしています。	テーブルを囲んで幾人かの人が食事をしています。
海の波の中でサーフィンをしている人がいます。	海でサーフィンをしているひとがいます。
小さな男の子がケーキをフォークで切り取っています。	小さな男の子が、ケーキにフォークを刺しています。
男の子が大きなケーキをフォークで切っています。	男の子が大きなケーキをフォークで取って食べています。
白いまな板の上に包丁と刻まれた人参が置かれています。	まな板の上に包丁と切断されたにんじんが有ります。
男性二人がバナナを見て微笑んでいます。	バナナを前に微笑む男性2人がいます。
三匹のシマウマが道路の上に立っています。	道路に三頭のシマウマが立ち止まっています。
パーキングメータの前に、男性が３人立っています。	バーキングメーターの周りに、三人の男性がいます。
フードを被った女性が黄色いビニール袋を持って立っている。	フードを被った女性が黄色いビニール袋を持っています。
テーブルにたくさんのパソコンが置かれています。	部屋のテーブルの上には、いろいろなノートパソコンが無造作に並べられています。
黒い犬に寄り掛かっているテディベア。	黒い犬に熊のぬいぐるみがもたれさせてあります。
人がスマートフォンの画面で入力をしています。	スマートフォンを操作している人がいます。
ノートＰＣを両手で操っている人がいます。	ノートパソコンのキーボードを操作しています。
大勢の人の中に赤い髪と赤い洋服に黒い傘をさした男性がいます。	人の列の中で赤い髪の毛に赤いトップスを着た人が黒い傘をさしています。
薄紫色の前掛けカバンの少女がベンチに座っています。	カバンをさげた少女がベンチに座っています。
水の入った容器に白い花が生けてあります。	透明な花瓶に白い花が活けられています。
スーツを着た男性が歩きながら電話しています。	スーツ姿の男性が歩きながら電話をしています。
テーブルに料理が並べられています。	机の上においしそうな料理が置かれています。
テーブルの上のノートパソコンの前に男性が座っています。	テーブルの上のノートパソコンの前に男性が座っています。
天井からハシゴがぶら下がっています。	室内の天井からハシゴが垂れ下がっています。
橋の上の線路を黄色い電車が走っているところです。	水辺付近の線路を黄色の電車が走っています。
林の中で男性が赤いフリスビーを持っています。	森の中で、男性がフリスビーをしています。
男性がリモコンを持って立っています。	男性が両手にゲームのリモコンを持って立っています。
カイトサーフィンで宙に飛び上がっています。	カイトサーフィンをしている人が、空中に飛び上がっています。
テーブルの上に３つのマウスが置かれています。	テーブルの上に3つのマウスが置かれています。
黄色い花が咲いている草原に牛が3頭います。	黄色い花が咲いている草原を三頭の牛が歩いています。
草原の中を、黒い一頭のクマが歩いています。	一頭のクマが、草原の中を歩いています。
子供がテレビゲームで遊んでいます。	男の子がテレビの前に座ってゲームをしています。
海の上をオレンジ色のボートが走っています。	オレンジ色の船が海の中を進んでいるところです。
白と黒の模様の２頭の牛が草原にいます。	草原に白と黒の斑の牛が２頭います。
黒い猫が、白い便器の上に乗っています。	黒い猫が、便器のふたの上に座っています。
鼻のながい犬がサンタクロースの帽子をかぶっています。	イヌがサンタ帽子をかぶっています。
線路の上を蒸気機関車が走っています。	蒸気機関車が、線路の上を走ってます。
水色の壁の洗面台の大きな鏡の横にタオルが掛かっています。	水色の壁の洗面台の大きな鏡の横にタオルが掛かっています。
おりの中には親キリンと子供のキリンがいます。	檻の中に大きいキリンと小さいキリンがいます。
柵の向こう側にキリンの親子がいます。	檻の中に親子のキリンが立っています。
ソファやテーブルがあるリビングルームです。	室内にテーブルやソファーが設置されています。
コートでテニスの試合が行われています。	テニスコートで、テニスの試合が行われています。
ラケットとシューズの間にテニスボールがあります。	テニスラケットとシューズの間に、ボールがあります。
オーブンの中に、調理前の食材が入っています。	オーブンの中に、調理前の食材が入っています。
家の前には花が植えられた鉢がたくさん置いてあります。	家の前には花が植えられた鉢が少し置いてあります。。
扉の左側の壁に時計が５つ縦に並んで掛かっています。	扉のそばの壁に五つの掛け時計が掛かっています。
皿の上にハンバーガーとフライドポテトがあります。	ハンバーガーとポテトがお皿に盛り付けられています。
髭面の男性が人差し指を立てています。	口ひげを生やした男性が人差し指を立てています。
部屋の中に沢山の熊のぬいぐるみが置かれています。	部屋の中にたくさんの熊のぬいぐるみが飾られています。
おむつをした赤ちゃんが便座の上に立っています。	オムツをした赤ちゃんが便座の上に立っています。
子供がテニスボールとラケットを持っています。	小さな子どもが両手にテニスボールとラケットを持っています。
子供が、テニスラケットとボールを持っています。	小さな子どもが両手にテニスボールとラケットを持っています。
二人のスキーヤーが雪の上に立っています。	雪の上でスキーを履いた人が二人います。
沢山の船が係留してある港の風景です。	たくさんの船が並んで停っています。
バットを手にした少年が椅子に座っています。	バットを持った男の子が椅子に座っています。
サーフボードを手にした男性と水着の女性がいます。	サーフボードを持っている男性と水着を着ている女性が海岸にいます。
未舗装の茶色い道の脇をたくさんの牛が行進しています。	土の道路脇の草原の中を、角を生やした沢山の牛達が歩いています。
ふたの開いた白い洋式便器があります。	蓋の開いている白い水洗トイレです。
扉が銀色の大型冷蔵庫が置かれています。	銀色の大きな冷蔵庫が一台あります。
牧草地でたくさんの牛が放牧されています。	広大な牧場で放牧中の大勢の牛たちがいる。
キリンが長い首を伸ばし植物に口を近づけています。	キリンが緑色の葉っぱに植物に口を近づけています。
滑走路に小型ジェット機があります。	滑走路の上に白いジェット機があります。
女性が両手で道具を持ち口を大きく開けています。	口を大きく開けながら両手で道具を持つ女性。
椅子の上に乗せられた花瓶に花がいけてあります。	椅子の上に花がいけられている花瓶が置いてあります。
カラスが石又は切株の様な物の上にとまっています。	岩又は切株の様な物の上に、1羽のカラスがとまっています。
草原で男性が凧揚げをしています。	男性が草原で凧揚げをしています。
広い草原をシマウマの群れが歩いています。	草原で四頭のシマウマが歩いています。
草むらの中を４頭のシマウマが連なって歩いています。	草原を四頭のシマウマが歩いています。
草の上ににんじんが置かれています。	庭先に収穫したニンジンを並べています。
大量のバナナがつみかさねられています。	たくさんのバナナが積み上げられています。
男性と犬が一つのホットドックを両端から食べています。	イヌと人が、一つのホットドッグの両方から噛り付いています。
家を積んだトラックが道路を走っています。	家を積んだトラックが道路を走っています。
レーサーがバイクで道路を走行しています。	レースでオートバイが走っています。
二頭のシマウマが向き合って顔を近づけています。	シマウマが２頭、囲いの中で向き合っています。
男性が浜辺でサーフボードを持っています。	サーフボードを持った男性が立っています。
サーフボードを持った男性が立っています。	男性が浜辺に白いサーフボードを持って立っています。
道路を走る車と、その上空を飛ぶ飛行機です。	道路を走っている自動車とその上を飛行機が飛んでいます。
スケートボードを持った人が二人歩いています。	スケボーを持った人たちが歩いているところです。
キリンが一頭、草原を歩いています。	草原を歩いている一頭のキリンがいます。
四角い形の、立ち入りを禁ずる看板です。	進入禁止の四角い交通標識があります。
都会の街を多くの人が歩いています。	街の中は大勢の人たちであふれかえっています。
草原で放牧された羊達が草を食べています。	広々とした草原にで羊達が草を食べています。
厨房の中に３人の人物が立っています。	厨房の中で3人の人物が立っています。
駐車場に黄色のバスが二台停まっています。	駐車場には二台の黄色いバスが停まっています。
ノートパソコンのうえにねこがのっています。	ノートパソコンの上に、ネコがのっています。
白く飾りのあるテーブルの上の、大きな透明の花瓶にいくつものひまわりが飾られています。	テーブルの上にひまわりで飾られた花瓶が置いてあります。
野球選手がバットをスイングしています。	バッターボックスでバッターがスイングをしています。
雪上にスキー板を履いて立っている人がいます。	雪上にスキー板を履いた人が立っています。
二頭のシマウマが顔をくっつけている。	シマウマが２頭、顔をこすり合わせて立っています。
ベンチの上に何かが入った紙袋が置いてあります。	木製の大型ベンチの上に、紙袋が置かれています。
赤い帽子をかぶった女性がチョコレートケーキにフォークを刺しています	帽子をかぶった女性がケーキにフォークを刺しています。
海上でカイトサーフィンをやっている人たちです。	海上でカイトサーフィンをしている人がたくさんいます。
水辺の側にあるベンチに、4人が座っています。	水辺の手前のベンチに、人が４人座っています。
皿の上に白いケーキが載せられています。	皿の上に、白いケーキがおいてあります。
白い皿には肉と野菜がたくさん盛られています。	白い皿の上に野菜と肉が盛られています。
ソファーの上でクマのぬいぐるみが、酒の空瓶を持っています。	くまのぬいぐるみが空の瓶を持って座っています。
猫が鏡の前に座り、鏡に自分を映しています。	毛の長い猫が自分が写った鏡を覗いています。
椅子の上に猫が寝ています。	白い椅子の上に猫が寝そべっています。
駅のホームに電車が停まっています。	駅のホームに電車が停まっています。
海にてカヌーを漕いでいる人たちです。	数人の人が、カヌーを漕いでいます。
スケートボードを持った人が、建物の外を眺めています。	スケートボードを持った人が、外を見ています。
柵で覆われた地面の上に二匹のキリンがいます。	キリンが二頭、柵の向こうにいます。
男性がトイレのタンクに手をつっこんでいます。	トイレのタンクに深く手を入れている男性。
雨の歩道を二人の人が一つの傘の中で歩いています。	2人の人が相合傘をして歩いています。
駅のホームに列車が停車しています。	駅に電車の客車両が停車しています。
波の上をサーフィンをしてる人がいます。	海でサーフボードに乗っている人がいます。
海でサーフボードに乗っている人がいます。	海にて、サーファーが波に乗っています。
野生のキリンが枯れ木の中に立っています。	枯れ木の木々の中に、一頭のキリンがいます。
砂地の上で1人の人物が凧揚げをしています。	砂浜でカイトを上げている人間がいます。
サッカーの試合で、選手がコーナーキックを蹴ろうとしています。	サッカーのコーナーキックを蹴りに選手が向っている。
眼鏡の人物が歯磨きをしている所です。	メガネをかけた人物が歯磨きをしています。
男性がテニスコートでボールを打っている。	テニスコート上で1人の人物が打球動作をしています。
スケートボードと一緒に地面から飛び上がっている人がいます。	人がスケートボードと一緒にがジャンプをしています。
ベッドで横になっている人のそばにネコがいます。	ベッドの上に寝転がって本を読んでいる人と猫がいます。
芝の広場で凧揚げをしている子供が二人います。	２人の子供が広場で凧揚げをしています。
トレイの上にたくさんのドーナツを載せています。	トレイの上にたくさんのドーナツを載せています。
厨房で二人の料理人が盛り付けをしています。	ふたりの料理人が料理の盛り付けをおこなっています。
スケートボードの上に一匹の犬が乗っています。	スケートボードの上に犬が乗っています。
スケートボードの上に犬が座っています。	黒いベストを着た犬がスケートボードの上に乗っています。
男性が屋外でソーセージを調理しています。	屋外で男性がたくさんのソーセージを焼いています。
２匹の犬と猫が一緒に並んでいます。	犬とネコの二匹が一緒に並んでいます。
線路の上に黒い機関車の姿があります。	黒い機関車が線路の上にあります。
セスナ機が飛行場に停まっています。	飛行場に小型航空機が停車しています。
草原を歩く、一頭のシマウマがいます。	草原の中を一匹のシマウマが歩いています。
二人の野球選手がハイタッチをしています。	野球の試合で、選手と選手がハイタッチをしています。
草野球で少年が丁度ボールを打つところです。	野球の試合で子供がバットを振っています。
お皿の上に貝とブロッコリーが乗っています。	お皿にブロッコリーと貝のソテーが盛られている。
机上に飲み物とサンドウィッチが置かれています。	サンドイッチと牛乳が置かれています。
石畳の道で傘をさして歩いている人がいます。	石畳の道を、傘をさして歩いている人がいます。
岸に近い水辺を航行する船が一隻あります。	一艘の船が、水辺の上を航行しています。
お皿の上に切り分けられたピザがあります。	皿の上に、4つに切られたピザがあります。
いくつものオレンジがボウルに盛られている。	ボールの中にオレンジが入っています。
木々の茂る草原に三頭のキリンが立っています。	三頭のキリンが草木の生えた地面の上に立っています。
男性4人がテーブルを囲んでで食事をしています。	男性4人がテーブルを囲んでで食事をしています。
白い毛の馬と茶色の毛の馬がいます。	白い馬と茶色い馬が1頭ずつ立っています。
赤い服を着た人がスキー板を履いて雪の上に立っています。	雪山の斜面に赤い服を着た人がスキーを履いて立っています。
氷のうえに三頭のシロクマがいます。	海の氷の上に、3頭の白クマがいます。
羊たちがえさ場に集まって食べています。	赤い餌箱の周りで羊の群れが餌を食べています。
ネックレスをした女性が携帯電話を持っています。	ネックレスをした女性が携帯端末を操作しています。
馬が背に女性を乗せ水中を歩いています。	赤いタンクトップを着た女性が馬に乗って川の中を進んでいます。
道路にバイクが隊列を組んでパレードをしています。	道路でバイクがパレードをしています。
海賊の衣装を着た男性の前に青い鳥のぬいぐるみがあります。	海賊の衣装を着た男性の前に青い鳥のぬいぐるみがあります。
お皿にカットしたピザが２切れあります。	お皿の上に２切れのピザがあります。
サングラスをかけた男性が、携帯電話をかけています。	サングラスをかけた男性が電話をしているところです。
飛行場に数機の飛行機がとまっています。	飛行場に数機の白い飛行機が止まっています。
キッチンの流し台で女性が食器を洗っています。	半そでの女性がキッチンで食器を洗っています。
キッチンの流し台で女性が食器を洗っています。	キッチンの流し台で女性が洗い物をしています。
サーファーが海でサーフィンをしています。	海で白波が立つ中サーフィンをしている人がいます。
野球の試合をしている人たちがいます。	広場で男性たちが野球の試合をしています。
レンガの壁の前に赤い消火栓が設置されています。	壁の前に赤色の消火栓がひとつ設置されています。
少年がテレビゲームであそんでいます。	男の子がテレビゲームをして遊んでいる。
道路には二人乗りのバイクが走っています。	道路を２人乗りのバイクが走っています。
道路には二人乗りのバイクが走っています。	道路を２人乗りのオートバイが走っています。
たくさんのバナナがつるされています。	上から吊るされたバナナがたくさんあります。
子供が傘を両手で持って歩いています。	子供が傘をさして歩道を歩いています。
草原に沢山の羊達が座っています。	草の上でたくさんのひつじが休んでいます。
くちばしがオレンジ色の２羽の鳥が羽を広げて芝生の上に立っています。	くちばしがオレンジ色の鳥が２羽、羽を広げています。
踏切の向こうの交差点には大きなバスがいます。	線路の向うの街角の交差点に大型バスがいます。
草原にて、シマウマたちが佇んでいます。	木や草が生えている広場に２頭のシマウマがいます。
バイクに乗った人が砂漠の上を走っている。	砂地の上を人が乗ったオートバイが走っています。
室内でスケートボードの上に立っている男の子がいます。	部屋の中で男の子がスケートボードに乗ってこちらを見ています。
消火栓のまわりに、水たまりができています。	水たまりのあるところに消火栓があります。
ノートパソコンの脇に飲み物があります。	ノートパソコンの脇に、飲み物が入ったカップがあります。
ベッドでぬいぐるみの横に猫が寝ています。	ベッドの上でゾウのぬいぐるみとピンクのクマのぬいぐるみの間に茶色い猫が丸まって寝ています。
雪の斜面を二人が徒歩で登っています。	雪上の斜面を人が二人登っています。
ソファーの肘掛に、白猫が座っています。	猫がソファーの肘掛に乗って座っています。
テーブルの上に飲み物の入ったグラスが３つあります。	テーブルの上に、グラスが3つあり、それぞれ飲み物が入っています。
白いＴシャツを着て黒いショートパンツをはいた男性がテニスコートの中でラケットを持って歩いています。	男性がテニスコートでラケットをもって歩いています。
トランクのなかでネコが伏せています。	トランクのなかでねこが伏せています。
男女が携帯電話を見ながら寄り添っています。	男性と女性が寄り添って携帯電話を使っています。
お皿の上に皮をむいたオレンジがのっています。	皮をむいたオレンジが皿に盛られています。
白系で統一されたキッチンがあります。	白で統一されたシステムキッチンの様子です。
二頭のキリンが餌場からエサを食べています。	２頭のキリンがエサを食べています。
洗面台の隣に、洋式トイレがあります。	洗面台の横に洋式トイレがあります。
男女がバイクに二人乗りをしています。	男性と女性が二人でバイクにまたがっています。
黒い小さな犬がスニーカーの紐を引っ張っています。	靴の紐を、小さな黒い犬が噛んで引っ張っています。
男性がテニスのラケットで打ち返しています。	テニスコートで選手がラケットでボールを打ち返しています。
床に靴と熊のぬいぐるみが置かれています。	靴とくまのぬいぐるみが置かれています。
テーブルに置かれたお皿に猫が入っています。	テーブルの上に置かれたお皿に猫が丸まってます。
1人の人が雪山でスキーをしています。	1人の人が雪山でスキーをしています。
白い犬がえさにありついています。	白い犬が人に食べ物を与えられています。
3人のスキーヤーが雪山でポーズをとっています。	雪山に３人のスキーヤーが立っています。
テーブルの上に野菜が並べられています。	木製の台の上に野菜が置かれています。
机上の籠の中にオレンジが入っています。	籠の中にオレンジが盛られています。
青空の中を白と青に塗られた旅客機が飛行しています。	青と白色が入った一機の飛行機が空を飛んでいる。
バイクに乗っている男性が信号で停止している。	街角でバイクに乗っている男性が信号で停止しています。
入口にロープが張られた簡易トイレです。	トイレの入り口にロープが張られています。
パソコンのモニター三台が、机の上にあります。	机の上に、電源が入ったパソコンのモニターが3台置いてあります。
水辺の脇の線路を汽車が走っています。	水辺にある線路の上を列車が走っています。
波の描かれた壁をスケートボードに乗った男性が駆け上がります。	波の描かれた壁を使ってスケートボードをしている人がいます。
舌を出した女性の先に、収穫前のバナナの房があります。	女性が、バナナの木の横で、バナナに向かって舌を出しています。
飛行機の前に二人の男性が立っています。	セスナ機の手前に男性が二人立っています。
広場で多くの人が凧揚げをしています。	大勢の人が広場で凧揚げをしています。
大勢の人が広場で凧揚げをしています。	広場で大勢の人が凧上げをしています。
木が茂っている薄暗い場所にキリンが1頭立っていてこちらを見ている。	木が茂っている薄暗い場所にキリンが1頭立っていてこちらを見ている。
一台のバイクが砂煙を出しながら、砂漠を走っています。	砂の上をオートバイが疾走しています。
棚に熊のぬいぐるみが沢山並んでいます。	棚に熊のぬいぐるみが並んでいます。
船の窓に都市と川が反射して映り込んでいます。	船のまどに町の景色が映りこんでいます。
布団の上でクマのぬいぐるみが向かい合っています。	２つのクマのぬいぐるみがベッドの上に置かれている。
川の近くの草原に数頭の象がいます。	数頭の象が川の近くの草原にいます。
街中を走る２台の単車。	町の道のカーブをバイクが二台まがっていきます。
牧場で人が出した手に馬が鼻をつけています	馬が人間の手に鼻を近づけています。
1匹の犬と女性が並んで立っています。	1匹の犬の隣に女性が立っています。
1匹の犬と女性が並んで立っています。	1人の女性が1匹の犬と一緒に立っています。
スノーボーダーが滑り台を滑っています。	スノーボーターが滑り台を滑っています。
キリンが1頭原野の中を歩いています。	キリンが茂みのある原野の中を歩いています。
キリンが一匹で、茂みがある草原の上を歩いています。	晴れた茂みのある草原の中を一匹のキリンが歩いています。
海辺の砂浜を何頭もの牛が歩いています。	海辺の砂浜に牛がたくさん歩いています。
料理店にある看板の上に時計が設置されています。	飲食店の看板が掲げられたビルの上に時計台があります。
赤い服のスキーヤーが斜面を滑っています。	赤い服のスキーヤーが斜面を滑っています。
女性と男児が庭でフリスビーで遊んでいます。	庭で女性と男児がフリスビーで遊んでいます。
シマシマ模様に雪面が整地された場所に男性スキーヤーが立っています。	シマシマ模様に雪面が整地された場所に男性スキーヤーが立っています。
並んで置かれたぬいぐるみにCDや車輪が取り付けられています。	CDや車輪や電飾が付けられたぬいぐるみが置かれています。
一頭の黒い熊が、水面に頭を出しています。	水面を１頭の黒い熊が、頭を出しています。
スキー板を付けている男性と女性が並んで立っています。	男の人と女の人がスキーを履いて立っています。
競技場でサッカーをしている人達がいます。	グラウンドでサッカーの試合をしています。
白地に花柄のお皿の上に、バナナが１本のっています。	お皿の上にはバナナが一本のっています。
１頭の麒麟が木の葉を食べています。	１頭の麒麟が木の葉を食べています。
１頭の麒麟が木の葉っぱを食べています。	１頭の麒麟が木の葉っぱを食べています。
スキーヤーとスノーボーダーが5人並んでいます。	スキーの板やスノーボードに乗った人たちが5人並んで立っています。
雪山で薄着の女性がスキーをしています。	一人の薄着の女性が、雪山でスキーをしています。
トイレのタンクにぬいぐるみとボックスティッシュが置いてあります。	トイレのタンクの上にティッシュと熊のぬいぐるみがあります。
草原に四頭のシマウマが立っています。	草地に4頭のシマウマが立っています。
雪山の斜面を、1人のスノーボーダーが滑走しています。	雪山をスノーボードで滑っている人がいます。
自転車用のヘルメットの中にクマのぬいぐるみが入っています。	自転車にかけられたヘルメットの中にクマのぬいぐるみがあります。
スケートボードでジャンプしている男性がいます。	男性がスケートボートでジャンプしています。
雪が積もっている場所で、赤い上着を着た人がスキーをしています。	赤い服を着た人が、スキーをしています。
山の上の細い道を、4頭の牛が歩いています。	細い山道を牛が四頭歩いています。
いろんな陶器がウィンドウディスプレイされています。	ショーウインドウの中に様々な陶磁器があります。
オーブン付きコンロのそばにたくさんの人形か置かれている。	オーブンの周りには人形がたくさん置かれています。
大草原でシマウマたちが草を食べています	草原の中でシマウマが草を食べています。
長いベンチの端に座る一人の男性がいます。	長いベンチの端に一人の男性が座っています。
ミシンと箱に入った食べかけのピザがあります。	ミシンと食べかけのピザがあります。
スケートボードをしている男性がいます。	男性がスケートボードの上に乗ってコースを進んでいます。
テーブルでキーボードとマウスを操作しているところです。	キーボードとマウスで操作しています。
キーボードとマウスで操作しています。	キーボードとマウスに触れています。
牧場で牛たちが横に並んで歩いています。	牧場で牛たちが横に並んで歩いています。
4人の男性が、ベンチに横並びで座っています。	４人の男性が、ベンチに横に並んで座っています。
絵の描かれた壁の前で傘を差した人達がいます。	大勢の人たちが壁アートの前で傘をさしています。
便器の中に黒い猫が頭を突っ込んでいます。	便器に黒ネコが頭を突っ込んでいます。
沢山のオレンジが山積みになっています。	たくさんのオレンジが山積みになっています。
キッチンのテーブルの上にコップがあり、壁には調理器具が並んでいます。	壁に調理器具が掛けられた下にコップなどが置かれたテーブルがあります。
上半身裸の男性がベンチに座って紙を見ています。	上半身裸の男性が、ベンチに座って何かを読んでいます。
上半身裸の男性がベンチに腰かけて、何かを読んでいます。	上半身裸の男性が、ベンチに座って何かを読んでいます。
雪の斜面を、スノーボーダーがジャンプしています。	スノーボーダーが雪のスロープをジャンプしている。
スタジアムで野球の試合が行われています。	スタジアムで野球の試合が行われています。
机の上のノート型パソコンの画面が光っています。	白色の机の上に、起動したままのノート型パソコンが置いてあります。
ハチマキをした男の人がラケットを持っています。	テニスラケットを持った男性は、頭にハチマキを巻いています。
左右で目の色が違う猫がソファの上に座っています。	オッドアイの猫が猫ベッドに座っています。
スケートボードをしている人がいます。	スケートボードをしている人がいます。
女性のテニスプレイヤーが、ガッツポーズをしています。	女の人がテニスをしてガッツポーズをしています。
馬に乗った二人の女性が海の砂浜を散歩しています。	砂浜で2人の女性が馬に乗って散歩しています。
馬に乗った二人の女性が海の砂浜を散歩しています。	砂浜で２人の女性が乗馬して散歩しています。
建物の側の駐車場に数台のバスや乗用車が停車しています。	建物の側の駐車場にバスや乗用車が停車しています。
かごにクマのぬいぐるみがたくさん入っています。	くまのぬいぐるみがたくさんあります。
サッカー選手がグランドで練習しています。	サッカー選手たちがコートの中で練習をしている。
男の人が歯ブラシをくわえてこちらを見ています。	男性が歯ブラシを口にくわえています。
室内にはソファーやテレビが設置されています。	部屋に大きなソファーとテレビがあります。
STOPの道路標識に落書きがしてあります。	道に倒れかけた一時停止の標識には落書きがされています。
サーファーたちが大波に乗っています。	サーファーが大きな波に乗っています。
サーファーが大きな波に乗っています。	高い波でサーフィンを楽しんでいる人がいます。
青いトラックが駐車場に止まっています。	青いトラックが駐車場に停車しています。
スノーボーダーが雪上を滑ってジャンプしています。	雪山をスノーボードで高くジャンプしています。
カゴの中に黄色いバナナが詰め込まれています。	カゴの中に熟した黄色いバナナが入っています。
カゴの中に黄色いバナナが詰め込まれています。	カゴの中に、たくさんのバナナの房が入っています。
ベッドの前の台の上に開かれたノートパソコンがあります	ベッドの前の台の上にノート型パソコンが置いてあります。
駐車場にバイクが停められています。	駐輪場に一台のオートバイが停まっている。
ヘルメットを被った男性が、バイクの後ろに立ち、青空の下にいます。	黒いオートバイの後方にヘルメットをかぶった人物が立っています。
ベットの上に猫が座っているところです。	ベッドの上に１匹の猫がしゃがんでいます。
ネクタイをした子供が車の前に立っています。	古い車の前にネクタイをした男の子が立っています。
車の前にネクタイを締めた少年が立っています。	古い車の前にネクタイをした男の子が立っています。
机にはパソコンや筆記具などたくさんの物が置いてあります。	木製の机にパソコンや文房具などが置いてあります。
二人の赤い服を着た人が、雪が積もった上をスキーで滑っています。	二人の赤いウェアを着た人が、スキー板を着けて雪の上を滑っています。
道端に黄色い消火栓が設置されています。	道路のわきに黄色の消火栓があります。
シャツ・ネクタイ・ジャケット・ズボンが置かれています。	シャツ、ジャケット、ネクタイとズボンが並べて置かれています。
雪の積もった中を、赤い電車が、走っていく様子。	赤い一両の列車が、雪景色の中を走っていきます。
草原にシマウマがいて、草を食べています。	数頭のシマウマが立って草を食べています。
黄色いお弁当箱の中に野菜と魚が入っている。	黄色いお弁当箱の中に野菜と魚が入っている。
眼鏡を掛けたネクタイをしている男性がいます。	眼鏡をかけてネクタイをしている男性がいます。
携帯電話にスピーカーが接続されています。	携帯電話に接続されたスピーカーがあります。
建物の前に警察車両が止まっています。	建物の前に警察車両がとまっています。
道路の脇にオレンジのバスが停車しています。	道路の脇にオレンジ色のバスが停車しています。
四人の男女が手に持ったナイフをケーキにあてて笑っています。	四人の男女がケーキにナイフを入れています。
黒いウェアのテニス選手がボールを打とうとしています。	黒いテニスウェアを着た男性がテニスをしています。
子供が二人フリスビーをして遊んでいます。	小さい子供が、フリスビーを投げて遊んでいます。
男性がテニスボールを打ち返そうとしています。	テニスコートで男性がボールを打ち返そうとしています。
ラップでサンドイッチを包んでいます。	ラップに包まれたサンドイッチがあります。
スノーボーダーが宙を舞っています。	スノーボーダーが空中にジャンプしています。
女性が右手に機械をもってわらっています。	女性が右手に機械を持ってわらっています。
三人の男女が並んで乗馬をしています。	男性１名と女性２名が乗馬をしています。
デスクにノートパソコンが２台あります。	机の上に、パソコンが二台置いてあります。
動物園で、象が3頭連なって歩いています。	動物園内を象が3頭列をなして歩いています。
黄色と青色の電車が線路の上を走行しています。	前が黄色でサイドが青色の電車が走っている。
一人の男性がサーフィンをしています。	海で男性がサーフィンをしています。
レンガ造りの時計台の側面に円形の時計が設置されています。	レンガ造りで円形の時計が設置された時計塔です。
二頭の象が、鼻を互いに交差させ合っています。	象が互いの鼻をからめあっています。
複数のフルーツが店に並べられています。	店先に、色とりどりの果物が並んでいます。
乗物の通路にスケートボードがおいてあります。	乗り物の座席の間にスケートボードが置いてあります。
雪の中、1匹の犬がフリスビーをしています。	雪の上で１頭の犬がフリスビーをくわえ走っています。
一機の飛行機が青空を飛んでいます。	一面真っ青の上空をプロペラ機が飛んでいます。
テーブルにいろんな種類のピザが置いてあります。	様々なトッピングのピザが、台の上にあります。
草原でじゃれている象が二頭います。	二匹の象が鼻でじゃれあって遊んでいます。
草が生い茂っている所に、3頭のゾウがいます。	草むらの中に三頭のゾウが立っているところです。
カットされたりんごと包丁があります。	切られたりんごとナイフが置かれている。
フロントが黄色い電車が線路の上を走っている。	正面が黄色の列車が、線路を走っています。
ホットサンドイッチとオレンジがお皿に置いてある。	サンドウィッチやオレンジがお皿の上にあります。
ホームに立つ男性の前に、列車がいます。	スーツを着た人が列車の前に立っています。
スノーボードに乗ってジャンプしています。	スノーボードでジャンプをしているところです。
スノーボードでジャンプをしているところです。	スノーボードでジャンプしている人です。
正装した男女が横に並んでケーキの前にいます。	正装した男女が横に並んでケーキの前に立っています。
歩道脇に赤い消火栓がたてられています。	歩道脇の地面に消火栓が取り付けられています。
芝生に止まれの交通標識が有ります。	芝生の上に停止の道路標識看板が立っています。
波打ち際の砂浜の上をサーフボードを抱えた人が歩いています。	サーフボードを持って海岸を歩いている人がいます。
携帯電話の画面に表示された男性の顔です。	携帯電話の外側の画面に男性の画像が映っています。
二階建ての緑色のバスが駐車されています。	二階建てのみどりいろのバスが駐車されています。
木々の茂る草原に二頭のキリンがいます。	草地の上にキリンが二頭立っています。
雨の日の街中、道路脇に路上駐車の車がたくさん停まっています。	雨の街の道路に車がたくさん停まっています。
観光客を乗せた象が森の中を歩いています。	森の中の道を人を乗せた象が一頭歩いています。
牛が木の間からこちらを見ています。	木々の間から牛が顔を出しています。
置き時計の前に２つの腕時計が置かれている。	置時計の下に腕時計が二つ置かれています。
数頭の牛が草原の上に集まって立っている。	草原に複数の牛たちが立っています。
野球のバッターがボールを打とうとしています。	野球場で選手がバッターボックスに立っています。
椅子の上で、猫が丸まって寝ています。	椅子の上で一匹の猫が丸まっています。
イスの上で猫が丸くなって寝ています。	椅子の上で一匹の猫が丸まっています。
白い馬の馬車が道路を歩いています。	馬車を引いている馬が道路を歩いている。
雪が積もった場所で青いスキーウェアを着た人がスキーをしています。	雪上を青い服を着た男性がスキーで滑っています。
建物の前で警官が馬に乗っています。	建物の前で警察官が馬に乗っています。
テニスコートでラケットを持って振りかぶっている人がいます。	テニスコートで男性がテニスをしています。
駅のホームに正面又は後面が黄色い電車が停まっています。	一両編成の正面又は後面が黄色い電車が駅に止まっています。
食べかけのピザを片手に持った人がいます。	食べかけのピザを持っている人がいます。
女性の頭の上にバナナが乗せられています。	女性が頭の上にバナナの房を乗せています。
ケーキが置かれたテーブルの後ろに男性と女性が立っています。	ケーキが置かれたテーブルの後ろに男性と女性が立っています。
芝生の上で２人がフリスビーをしています。	芝生の上にフリスビーで遊んでいる人がふたりいます。
洗面所に設置されたライトが点灯しています。	洗面所に設置されたライトが点灯しています。
ビルが立ち並ぶ都会の歩道に、消火栓が設置されています。	高層のビルが立ち並ぶ通りに消火栓があります。
黄色い列車がホームに入ってきています。	駅のホームに黄色い電車が進入しています。
赤い背もたれのいすのような上に、赤い首輪をした猫がいます。	赤いイスの上に、赤い首輪をした猫が座っています。
雪の上でスキー板を手にした人たちがいます。	雪の上にたくさんの人がスキーを持って集まっています。
毛が長い二頭の馬が石で作られた柵の中に居ます。	石で作られた柵の中に、二頭の毛の長い馬が居ます。
草原の上に、一頭の牛が寝そべっています。	牛が牧草の上に寝そべっています。
小さな子供がバナナをむいて食べています。	男の子がソファーに座ってバナナを食べています。
草原にたくさんの羊がいます。	草原に沢山の羊の群れが見えます。
野球場で選手同士がハイタッチをしています。	野球の試合にて、選手同士がハイタッチをしています。
カウンターの上に、ズラッと並べられた、ワイングラスの数々です。	沢山のワイングラスがカウンターの上に1列に並んでいます。
森の中の草むらに緑色の鳥が一羽いる。	森のなかで、緑色の鳥が一羽で佇んでいます。
男性が、一部をかじられたチョコドーナッツを両手に持って見ています。	一人の男性が、チョコレートのかかったかじりかけの大きなドーナッツを持って見つめています。
テーブルの上の絨毯のようなクロスの上に熊のぬいぐるみが置かれています。	テーブルクロスの上にくまのぬいぐるみが乗っています。
冷蔵庫に様々なステッカーが貼られています。	冷蔵庫にたくさんシールが貼られています。
一人のサーファーが波に乗っています。	高い波の中、サーフィンをしている人がいます。
海で女性サーファーがサーフボードにまたがっています。	海上でサーフボードの上に女性がまたがっています。
バットを大きく振りかぶっているバッター。	バッターボックスでバットを構えています
生地を伸ばす台の上に焼く前のピザが乗っています。	まだ焼いていない手作りピザが、台の上に置いてあります。
黒いヘルメットを被った人がスケートボードをしており、コンクリートの斜面の縁にスケートボードが斜めに乗っている瞬間の写真です。	黄色いヘルメットを被った人がスケートボードをしており、コンクリートの斜面の縁にスケートボードが斜めに乗っている瞬間の写真です。
白を基調にして作られた洗面所があります。	白を基調にして作られた洗面所があります。
飲み物がワイングラスに入っています。	ワイングラスに赤い飲み物が入っています。
デスクにはたくさんのパソコンが並んでいます。	デスクの上に、ノートパソコンやディスプレイが並べられています。
テニスコートに白い服を着た人たちが集まっています。	テニスコート脇のベンチの周りに白い服を着た人たちが集まっています。
雪山でスキーをしている人達がいます。	ゲレンデでスキーをしているひとたちがいます。
走行するスケートボードに乗っている足元です。	走行するスケートボードに乗った人の足元です。
広い室内にたくさんの人々が椅子に座っています。	広い室内にたくさんの人たちが椅子に座っています。
広い室内でたくさんの人たちが椅子に座っています。	広い室内にたくさんの人たちが椅子に座っています。
スケートボーダーが手すりを滑っています。	階段の手すりでスケートボードをする男性がいます。
室内の机の上にノートパソコンが置かれています。	室内の机の上にノートパソコンが置かれています。
海の上でサーフボードに乗っている犬がいます。	サーフボードに乗った犬が、海の上にいます。
ベッドの布団の上に二匹の猫がいます。	花柄のベッドの上に二匹の猫が座っています。
バッターボックスの打者がバットを振っています。	野球選手がバッターボックスでバットを振る動作をしています。
女の子がベッドの上でぬいぐるみを抱いています。	水色のキャミソールを着た少女がぬいぐるみを抱えてベッドの上に座っています。
三頭のくまが水の中につかっています。	水の中で３頭のクマが水浴びをしています。
ラグビー場でプレーヤーがボールを持っています。	グラウンドで選手がラグビーボールを持っています。
四角く白い深皿にパスタ料理と緑色の野菜が盛り付けてあります。	白いお皿に盛られた、パスタと野菜の数々です。
道路に二階建てバスが止まっています。	路上に二階建てバスが停車しています。
カウンターに一個のオレンジが置かれている。	台の上にオレンジが置かれています。
茂みの中に二頭のキリンが立っています。	草原で二頭のキリンが佇んでいます。
成熟する前のバナナを地面に置いてあります。	地面に青いバナナの房が置かれています。
スケートボードでジャンプした男性がいます。	スケートボードで大きくジャンプしているスケートボーダー。
ライオンが、シマウマに襲い掛かっています。	ライオンが横たわったシマウマの首に、襲い掛かっています。
路面に花柄の模様のついた駐車料金投入器があります。	目の前に黄色地に花を描いたパーキングメーターがあります。
ホットドッグに赤いソースをかけています。	ボトルからホットドックにソースを垂らしています。
砂浜で凧揚げをしている人たちがいます。	砂浜で空高く凧をあげている人がいます。
聴衆が見守る中、車が走っています。	聴衆が見守る中、車が走っています。
大きな口を開けてバナナを食べている男の子がいます。	男の子が大きな口を開けてバナナを食べています。
男性と犬がフリスビー競技をしています。	芝のグラウンドで、飼い主と犬がフリスビーをしています。
白い馬が顔だけを出している所の画像です。	白い馬が窓から顔を出しています。
路上に両手に荷物を持った男の人が立っています。	両手に買い物袋を持った男性が、道に立っています。
階段に子供たちが座ってるその前に野球ボールとバットが置いてあります。	少年たちが野球の道具を前に並んで座っています。
バス停に赤色のバスが1台停車しています。	赤色のバスがバス亭に停車しています。
ノートパソコンが二台ならべられています。	二台のノートパソコンがならべられています。
白い器に料理が盛り付けられています。	皿の上に料理が盛り付けられています。
時計台の屋根に風見鶏が付いています。	屋根に風見鶏がついている時計台があります。
椅子に座った子供が手づかみで、食事をしています。	椅子に座った子供が、手づかみで食事をしています。
左から冷蔵庫とエスプレッソマシンとガスレンジが並んでいます。	右からガスレンジとエスプレッソマシンと冷蔵庫が並んでいます。
きりんが草むらの中を歩いています。	草原でキリンが歩いているところです。
壁に設置された時計は１０時２０分を指しています。	建物の中央部に設置された時計が10時20分をさしています。
トレーに料理と飲み物が乗せてあります。	トレーの上に食べ物と飲み物が置かれています。
飛行機型の凧を持ってる女性がいます。	女性が芝生の上で飛行機型の凧を持っている。
男性が片手に容器を持って携帯電話を耳に当てています。	男性が紙コップを持ちながら携帯電話をかけています。
暖炉のすぐ前にテーブルとイスが置かれています。	部屋に、暖炉と椅子とテーブルがあります。
スマートフォンを手に持っています。	左手でスマートフォンを持っています。
テーブルや椅子が置かれた広い台所があります。	ダイニングキッチンにテーブルや椅子などが置かれています。
白を中心としたキッチンの横の階段は黒色です。	白色を基調としたキッチンスペースには螺旋階段があります。
緑のコンテナの中身を、白いトラックに移しています。	緑色のトレーラーから白いトラックに積載物を移しています。
ビルの傍の道路上を二階建てバスが走っています。	２階建てバスがビルの側の道路を走っている。
ベッドの上に大きな白い犬が横になって眠っています。	白い犬がベッドの上で眠っています。
白クマが日陰で仰向けで寝ています。	白熊が、仰向けになって寝ています。
ベンチの側で川が流れているところです。	川の急流の前にベンチが置かれています。
ピザが入った箱がデスクの上にあります。	書類などが置かれたテーブルにピザが置かれています。
野球のピッチャーがボールを投げようと構えています。	ピッチャーがボールを持って構えています。
おばあさんがスプーンを持っておじいさんに料理を食べさせています。	おばあさんがおじいさんにスプーンで食べさせています。
道路に黄色いバイクが停められています。	黄色いバイクが道路に停めてあります。
男の子が、フリスビーを投げようとしています。	森で男の子がフリスビーを飛ばそうとしています。
お皿の上の白い紙にホットドッグが置かれています。	皿の上の白い紙にホットドッグが置いてあります。
たくさんのバイクが並んでいます。	いろいろな種類のバイクが整然と並べられています。
線路の上を列車が走行しています。	線路を電車が走行している風景です。
痩せ型の白い犬が床に伏せています。	白く大きな細身の犬が、床に伏せています。
雪山の斜面をスノーボーダーがバランスを取りながらすべっています。	雪の積もる斜面をスノーボードですべる人がいます。
水面に黒い羽根をした一羽の鳥が浮かんでいます。	水面に赤いくちばしの黒い鳥が一羽います。
犬がフリスビーを追って走っています。	犬がフライングディスクを追いかけています。
ピザの置かれたテーブルを四人の人が囲んでいます。	ピザが置かれたテーブルを囲んで四人の人が座っています。
ガイコツが荒野をバイクで走っています。	荒野で骸骨がバイクに乗っています。
カラフルな布が多数並べられています。	色とりどりの生地が並べられています。
ジョッキーが競走馬に騎乗しています。	競走馬が、騎手を乗せて疾走しています。
金色の時計の針が、１２時半を指しています。	ゴールドに輝く時計が12時30分を示しています。
建物の横に点灯していない信号機があります。	電気の点いていない信号機が立っています。
快晴の雪山に大勢のスキー客がいます。	晴れた空の下の真っ白なゲレンデにはたくさんのスキーヤーがいます。
金網に囲まれた敷地の中に、シマウマが数頭います。	金網の向こうの広場に置かれた、石組みのところに、シマウマが集まっています。
フライパンの上で肉とにんじんが炒められている。	フライパンで肉と人参を炒めています。
水辺で小鳥が一羽水浴びをしています。	一羽の小鳥が水辺で水浴びをしています。
シーリングファンのある部屋にテーブルやソファ―、ランプ、植木などが置かれています。	天井にファンの有る部屋にソファーや机などが備えられています。
鍵と携帯電話、デジタルカメラなどが並べて置かれています。	カメラ、鍵、携帯電話、電子媒体などがあります。
テーブルの上に花が生けられた瓶が置いてあります。	テーブルの上の花瓶に花が生けてあります。
航空機が飛行機雲を引いて飛んでいます。	白い飛行機雲を引きながら、空を飛ぶ飛行機があります。
部屋の中に、大きさの違うベッドが２つ置いてあります。	部屋にサイズの異なる2つのベッドがあります。
パソコンのキーボードとマウスがあります。	パソコンのキーボードとマウスが並んでいます。
サーファーが青いボードで波にのっています。	少年が青いボードでサーフィンをしています。
女子テニス選手がサーブを打っています。	テニスコートで女性選手がサーブをしています。
ハンバーガーとフライドポテトが置いてあります。	お皿の上にたくさんのフライドポテトとハンバーガーが盛り付けられています。
台所はきれいに片づけられています。	キッチンは生理整頓されており、きれいな状態です。
テニスラケットを手にした男女が微笑んでいます。	テニスラケットを手にした男女が微笑んでいます。
たくさんの熊のぬいぐるみが重ねて置いてあります。	テディベアが山積みにされています。
大人の男性と女性が、歯磨きをしています。	男性と女性が、歯を磨いています。
道路沿いに、電球がたくさんついた看板が立っています。	道路横に、電球がたくさん付いた飲食店の看板が立っています。
赤色の消火栓が雪に埋もれています。	雪の積もった道端に赤い消火栓があります。
道路を赤いいろのバスがはしっています。	赤色のバスが街中を走行しています。
草原で２頭のシマウマが草を食べています。	草地にシマウマが二頭並んで草を食べています。
雪山の斜面をスノーボーダーが両手をあげながら滑っています。	雪の積もった山の斜面をスノーボーダーが滑っています。
机の上に、パソコンが2台置かれています。	デスクの上にパソコンが２台あります。
石造りの建物のバルコニーで男性が携帯電話で話しています。	石造りの建物のバルコニーで、男性が携帯電話で話しをしています。
二頭のシマウマがくさをたべています。	二頭のシマウマが頭を下げて下の芝を食べています。
リビングのソファーに2人が寝転がっています。	ソファーに男女二人が寝転んでいます。
男の人が二人一緒にキッチンで料理をしています。	二人の男性がキッチンで料理をつくっています。
財布やカメラなど、ハンカチの上に並んでいます。	ハンカチの上に、カメラ、サイフ、化粧用品などを広げています。
動物園でぞうが鼻を伸ばして飼育員から餌をもらおうとしています	動物園にて、ゾウが飼育員から餌をもらっています。
ブロッコリー等をゆでた野菜とオートミールがお皿にあります。	ブロッコリー等をゆでた野菜とオートミールがお皿にあります。
青いボールの中にみかんとりんごが入っています。	青いボールにリンゴとオレンジが盛られています。
人が街でスケートボードをしています。	路上でスケボーをしている人がいます。
芝生に犬を連れた人や凧を揚げている人などがいる。	芝生の斜面に、犬の散歩をしている男性と座っている男性と凧を揚げている子供達がいます。
男性が横になって、リモコンを使っています。	男性が寝そべりながら、リモコン操作をしています。
雪上でスノーボードをしている人がいます。	雪化粧の木の前にスノーボーダーいます。
花瓶に生けられた胡蝶蘭があります。	花瓶に白い胡蝶蘭がいけられています。
たくさんのバイクや自転車が一列に並んでいます。	自転車とバイクが並べられています。
砂地のグラウンドで大勢の人がフリスビーを追いかけています。	たくさんの人達が、フリスビーを追いかけています。
コルクで栓をされたワインボトルの横に、赤ワインの入ったグラスが置かれています。	テーブルの上にワインとワイングラスが置いてある。
男性の前には飲み物とホットドックが置いてあります。	男性の前にホットドックと飲み物があります。
女性が、テニスコートでラケットを構えています。	テニスコートの中で、女性がラケットを握りながら構えています。
二人の女性が象の背中と鼻に乗っています。	サーカスで女性がふたりぞうにのっている
ソファの上で猫が横になって寝ています。	ソファーの上で猫が横になって寝ています。
右バッターがバッターボックスで構えています。	バッターがバッターボックスで構えています。
男性サーファーがサフーフィンをしています。	男性サーファーがサーフィンをしています。
様々なデザインのネクタイがあります。	カラフルなネクタイがたくさんあります。
横一列に並んだ三頭の牛がコチラを見ています。	三頭の牛がこちらを向いて立っているところです。
カウンターにホットドッグとドリンクがあります。	台の上にホットドッグと飲み物が置いてあります。
緑色の鳥がノートパソコンの上にいます。	ノートパソコンの上に緑色の鳥がとまっています。
噴水の向こうに傘を差して歩いている人がいます。	噴水の向こう側に、傘を差した人が歩いています。
野外に設置された簡易型便所です。	屋外に簡易型のトイレが置いてあります。
テニスプレイヤーの女性がミネラルウォーターを飲んでいます。	女性がテニスラケットを脇に抱えて水を飲んでいます。
テニスラケットを持った人がコートの中を歩いています。	テニスラケットを持った選手がコートの中を歩いています。
寝室には大きなベットが二台あります	１つの部屋の中に、ベッドが２つ横並びで置かれています。
猫が赤いボウルに入って丸まって寝ています。	猫が小さく丸い赤い器の中に入り、丸まっています。
建物の前のバス停に二階建てバスが停車しています。	バス停に二階建てバスが停車しています。
赤い車の後ろに、犬が２匹います。	車の後ろで２匹のワンコが遊んでいます。
白い皿の上には二つのホットドッグが並んでいます。	皿の上に2つのホットドックが置かれています。
白い皿の上には二つのホットドッグが並んでいます。	皿の上にホットドッグが二つ置かれています。
皿の上に2つのホットドックが置かれています。	お皿の上にホットドッグが２個あります。
ゲレンデに、たくさんのスキー板とストックが放置されています。	スキー場の一角に何組ものスキー板とストックが置かれています。
テニスコートで女性がボールを打っています。	テニスコートででテニスをしている女性です。
砂浜に置かれたベッドに羊が座っています。	海辺のビーチにて、ベッドの上に羊が乗っています。
天井にグラスがさかさまにかけられています。	店の中には、ワイングラスがたくさん吊り下げられています。
一頭のキリンが草を食べながらこちらを見ています。	１頭のキリンがこちらを向いて草を食べています。
トイレの便座の上にトカゲが1匹います。	洋式便器の便座の上に小さなトカゲがいます。
冠水した道路を赤い傘を刺した女の人が歩いています。	冠水した道の上を赤い傘をさした人が歩いています。
テニスをしている女性同士がネット越しで握手をしている。	ネット越しに、テニスプレーヤー、2人が、握手をしています。
双眼鏡で離れたキリンを見ている男がいます。	草原で男性が一頭のキリンを双眼鏡で見ています。
雪の積もる庭には、腰掛け部分に雪が乗せられた椅子があります。	椅子の置いてある庭に雪が積もっています。
白い車の窓から茶色の犬が顔を出しています。	茶色い犬が車の窓から顔を覗かせています。
小さなケーキに一本のローソクを立ててカップルが吹き消しています。	大きなケーキに一本のローソクを立ててカップルが吹き消しています。
小屋の前に犬とスキーをはいた女性がいます。	スキー場の山小屋の前に犬と女性がいます。
テニスコートでプレイヤーがラケットを振っています。	白いウェアを着た女性テニス選手が芝生のテニスコートでラケットを振っています。
ベッドの上にある2台のノートパソコンと犬がいる。	2台のノート型パソコンが並んでいて間に犬が寝そべっています。
軍用飛行機の整備点検をしています。	停められている戦闘機の整備点検をしています。
停められている戦闘機のメンテナンスをしています。	屋外で戦闘機が整備点検されています。
芝生の上で、女性が座り携帯で電話をしています。	芝生の上に座り、女性が携帯電話で話しています。
小さな女の子がピンク色のベッドの上に寝転がっています。	ピンクのシーツが掛けられたベッドに、小さな女の子が寝転んで笑っています。
STOPと白い文字が書かれた赤い標識の後ろに白い車が止まっています。	白い車の手前に、STOPと描かれた大きな赤い標識がある。
屋外に便器がたくさん置かれています。	屋外に複数の便器が並べられています。
白い電車が駅のホームにとまっています。	駅のホームに白い電車が止まっています。
白い電車が駅のホームにとまっています。	駅のホームに白い電車が止まっています。
湖畔の側の草むらで、３頭の馬が草を食べています。	湖の側の草むらで、３頭の馬が草を食べています。
